Game Date,Game Time,Matchup,Team,Player Name,Current Status,Reason,report_date
10/21/2025,07:30 (ET),HOU@OKC,Houston Rockets,,,NOT YET SUBMITTED,2025-10-20
10/21/2025,07:30 (ET),HOU@OKC,Oklahoma City Thunder,,,NOT YET SUBMITTED,2025-10-20
10/21/2025,10:00 (ET),GSW@LAL,Golden State Warriors,"Butler III, Jimmy",Probable,Injury/Illness - Left Ankle; Sprain,2025-10-20
10/21/2025,10:00 (ET),GSW@LAL,Golden State Warriors,"Kuminga, Jonathan",Probable,Injury/Illness - Right Ankle; Inflammation,2025-10-20
10/21/2025,10:00 (ET),GSW@LAL,Golden State Warriors,"Melton, De'Anthony",Out,Injury/Illness - Left ACL; Surgery,2025-10-20
10/21/2025,10:00 (ET),GSW@LAL,Golden State Warriors,"Moody, Moses",Out,Injury/Illness - Left Soleus; Strain,2025-10-20
10/21/2025,10:00 (ET),GSW@LAL,Golden State Warriors,"Toohey, Alex",Out,Injury/Illness - Left Knee; Patellofemoral Pain,2025-10-20
10/21/2025,10:00 (ET),GSW@LAL,Los Angeles Lakers,,,NOT YET SUBMITTED,2025-10-20
10/21/2025,07:30 (ET),HOU@OKC,Houston Rockets,"Crawford, Isaiah",Questionable,Injury/Illness - Left Ankle; Sprain,2025-10-21
10/21/2025,07:30 (ET),HOU@OKC,Houston Rockets,"Finney-Smith, Dorian",Out,Injury/Illness - Left Ankle; Surgery,2025-10-21
10/21/2025,07:30 (ET),HOU@OKC,Houston Rockets,"Tate, Jae'Sean",Out,Injury/Illness - Right Ankle; Surgery,2025-10-21
10/21/2025,07:30 (ET),HOU@OKC,Houston Rockets,"VanVleet, Fred",Out,Injury/Illness - Right Knee; ACL repair,2025-10-21
10/21/2025,07:30 (ET),HOU@OKC,Oklahoma City Thunder,"Joe, Isaiah",Out,Injury/Illness - Left Knee; Contusion,2025-10-21
10/21/2025,07:30 (ET),HOU@OKC,Oklahoma City Thunder,"Sorber, Thomas",Out,Injury/Illness - Right ACL; Surgical recovery,2025-10-21
10/21/2025,07:30 (ET),HOU@OKC,Oklahoma City Thunder,"Topic, Nikola",Out,Injury/Illness - N/a; Surgical Recovery,2025-10-21
10/21/2025,07:30 (ET),HOU@OKC,Oklahoma City Thunder,"Williams, Jalen",Out,Injury/Illness - Right Wrist; Surgical Recovery,2025-10-21
10/21/2025,07:30 (ET),HOU@OKC,Oklahoma City Thunder,"Williams, Kenrich",Out,Injury/Illness - Left Knee; Surgical Recovery,2025-10-21
10/21/2025,10:00 (ET),GSW@LAL,Golden State Warriors,"Butler III, Jimmy",Probable,Injury/Illness - Left Ankle; Sprain,2025-10-21
10/21/2025,10:00 (ET),GSW@LAL,Golden State Warriors,"Kuminga, Jonathan",Probable,Injury/Illness - Right Ankle; Inflammation,2025-10-21
10/21/2025,10:00 (ET),GSW@LAL,Golden State Warriors,"Melton, De'Anthony",Out,Injury/Illness - Left ACL; Surgery,2025-10-21
10/21/2025,10:00 (ET),GSW@LAL,Golden State Warriors,"Moody, Moses",Out,Injury/Illness - Left Soleus; Strain,2025-10-21
10/21/2025,10:00 (ET),GSW@LAL,Golden State Warriors,"Toohey, Alex",Out,Injury/Illness - Left Knee; Patellofemoral Pain,2025-10-21
10/21/2025,10:00 (ET),GSW@LAL,Los Angeles Lakers,"James, LeBron",Out,Injury/Illness - Right Sciatica; -,2025-10-21
10/21/2025,10:00 (ET),GSW@LAL,Los Angeles Lakers,"Kleber, Maxi",Out,Injury/Illness - Left Oblique; Strain,2025-10-21
10/21/2025,10:00 (ET),GSW@LAL,Los Angeles Lakers,"Thiero, Adou",Out,Injury/Illness - Left Knee; Surgery Recovery,2025-10-21
10/22/2025,07:00 (ET),BKN@CHA,Brooklyn Nets,"Highsmith, Haywood",Out,"Injury/Illness - Right Knee; Surgery, Injury Recovery",2025-10-21
10/22/2025,07:00 (ET),BKN@CHA,Charlotte Hornets,"Green, Josh",Out,Injury/Illness - Left Shoulder; Surgery,2025-10-21
10/22/2025,07:00 (ET),BKN@CHA,Charlotte Hornets,"Williams, Grant",Out,Injury/Illness - Right Knee; Surgery,2025-10-21
10/22/2025,07:00 (ET),CLE@NYK,Cleveland Cavaliers,"Garland, Darius",Out,Injury/Illness - Left Great Toe; Surgery,2025-10-21
10/22/2025,07:00 (ET),CLE@NYK,Cleveland Cavaliers,"Hunter, De'Andre",Questionable,Injury/Illness - Right Knee; Contusion,2025-10-21
10/22/2025,07:00 (ET),CLE@NYK,Cleveland Cavaliers,"Strus, Max",Out,Injury/Illness - Left Foot; Surgery - Jones Fracture,2025-10-21
10/22/2025,07:00 (ET),CLE@NYK,New York Knicks,"Anunoby, OG",Probable,Injury/Illness - Left Ankle; Sprain,2025-10-21
10/22/2025,07:00 (ET),CLE@NYK,New York Knicks,"Hart, Josh",Out,Injury/Illness - Lower Back; Lumbar Spasms,2025-10-21
10/22/2025,07:00 (ET),CLE@NYK,New York Knicks,"Robinson, Mitchell",Out,Injury/Illness - Left Ankle; Left Ankle Injury Management,2025-10-21
10/22/2025,07:00 (ET),CLE@NYK,New York Knicks,"Towns, Karl-Anthony",Questionable,Injury/Illness - Right Quad; Strain,2025-10-21
10/22/2025,07:00 (ET),MIA@ORL,Miami Heat,"Herro, Tyler",Out,Injury/Illness - Left Ankle; Surgery,2025-10-21
10/22/2025,07:00 (ET),MIA@ORL,Miami Heat,"Jakucionis, Kasparas",Out,Injury/Illness - Right Groin; Strain,2025-10-21
10/22/2025,07:00 (ET),MIA@ORL,Miami Heat,"Jovic, Nikola",Available,Injury/Illness - Low Back; Pain,2025-10-21
10/22/2025,07:00 (ET),MIA@ORL,Miami Heat,"Rozier, Terry",Available,Injury/Illness - Left Hamstring; Strain,2025-10-21
10/22/2025,07:00 (ET),MIA@ORL,Miami Heat,"Ware, Kel'el",Questionable,Injury/Illness - Left Ankle; Sprain,2025-10-21
10/22/2025,07:00 (ET),MIA@ORL,Orlando Magic,"Suggs, Jalen",Questionable,Injury/Illness - Left Knee; Injury recovery,2025-10-21
10/22/2025,07:00 (ET),MIA@ORL,Orlando Magic,"Wagner, Moritz",Out,Injury/Illness - Left Knee; Injury recovery,2025-10-21
10/22/2025,07:30 (ET),PHI@BOS,Philadelphia 76ers,"George, Paul",Out,Injury/Illness - Left Knee; surgery recovery,2025-10-21
10/22/2025,07:30 (ET),PHI@BOS,Philadelphia 76ers,"McCain, Jared",Out,Injury/Illness - Right thumb; surgery recovery,2025-10-21
10/22/2025,07:30 (ET),PHI@BOS,Philadelphia 76ers,"Watford, Trendon",Out,Injury/Illness - Left Hamstring; tightness,2025-10-21
10/22/2025,07:30 (ET),PHI@BOS,Boston Celtics,"Brown, Jaylen",Questionable,Injury/Illness - Left Hamstring; Strain,2025-10-21
10/22/2025,07:30 (ET),PHI@BOS,Boston Celtics,"Tatum, Jayson",Out,Injury/Illness - Right Achilles; Repair,2025-10-21
10/22/2025,07:30 (ET),TOR@ATL,Toronto Raptors,"Murray-Boyles, Collin",Out,Injury/Illness - Right Forearm; Muscle Strain,2025-10-21
10/22/2025,07:30 (ET),TOR@ATL,Toronto Raptors,"Walter, Ja'Kobe",Out,Injury/Illness - N/A; Illness,2025-10-21
10/22/2025,08:00 (ET),DET@CHI,Detroit Pistons,"Ivey, Jaden",Out,Injury/Illness - Right Knee; Arthroscopy,2025-10-21
10/22/2025,08:00 (ET),DET@CHI,Detroit Pistons,"LeVert, Caris",Probable,Injury/Illness - Right Knee; Soreness,2025-10-21
10/22/2025,08:00 (ET),DET@CHI,Detroit Pistons,"Sasser, Marcus",Doubtful,Injury/Illness - Right Hip; Impingement,2025-10-21
10/22/2025,08:00 (ET),DET@CHI,Chicago Bulls,"Collins, Zach",Out,Injury/Illness - Left Scaphoid; Fracture,2025-10-21
10/22/2025,08:00 (ET),DET@CHI,Chicago Bulls,"White, Coby",Out,Injury/Illness - Right Calf; Strain,2025-10-21
10/22/2025,08:00 (ET),NOP@MEM,New Orleans Pelicans,"Looney, Kevon",Out,Injury/Illness - Left Knee; Sprain,2025-10-21
10/22/2025,08:00 (ET),NOP@MEM,New Orleans Pelicans,"Matkovic, Karlo",Doubtful,Injury/Illness - Low Back; Spasms,2025-10-21
10/22/2025,08:00 (ET),NOP@MEM,New Orleans Pelicans,"Murray, Dejounte",Out,Injury/Illness - Right Achilles; Rupture,2025-10-21
10/22/2025,08:00 (ET),NOP@MEM,Memphis Grizzlies,,,NOT YET SUBMITTED,2025-10-21
10/22/2025,08:00 (ET),WAS@MIL,Washington Wizards,"Coulibaly, Bilal",Out,Injury/Illness - Right Hand; Surgery,2025-10-21
10/22/2025,08:00 (ET),WAS@MIL,Washington Wizards,"Riley, Will",Questionable,Injury/Illness - Right Ankle; Sprain,2025-10-21
10/22/2025,09:00 (ET),LAC@UTA,LA Clippers,,,NOT YET SUBMITTED,2025-10-21
10/22/2025,09:00 (ET),LAC@UTA,Utah Jazz,,,NOT YET SUBMITTED,2025-10-21
10/22/2025,09:30 (ET),SAS@DAL,San Antonio Spurs,,,NOT YET SUBMITTED,2025-10-21
10/22/2025,09:30 (ET),SAS@DAL,Dallas Mavericks,"Exum, Dante",Out,Injury/Illness - Right Knee; Injury Management,2025-10-21
10/22/2025,09:30 (ET),SAS@DAL,Dallas Mavericks,"Gafford, Daniel",Doubtful,Injury/Illness - Right Ankle; Sprain,2025-10-21
10/22/2025,09:30 (ET),SAS@DAL,Dallas Mavericks,"Irving, Kyrie",Out,Injury/Illness - Left Knee; Surgery,2025-10-21
10/22/2025,10:00 (ET),MIN@POR,Minnesota Timberwolves,,,NOT YET SUBMITTED,2025-10-21
10/22/2025,10:00 (ET),MIN@POR,Portland Trail Blazers,,,NOT YET SUBMITTED,2025-10-21
10/22/2025,10:00 (ET),SAC@PHX,Sacramento Kings,,,NOT YET SUBMITTED,2025-10-21
10/22/2025,10:00 (ET),SAC@PHX,Phoenix Suns,,,NOT YET SUBMITTED,2025-10-21
10/22/2025,07:00 (ET),BKN@CHA,Brooklyn Nets,"Highsmith, Haywood",Out,"Injury/Illness - Right Knee; Surgery, Injury Recovery",2025-10-22
10/22/2025,07:00 (ET),BKN@CHA,Brooklyn Nets,"Wolf, Danny",Out,Injury/Illness - Left Ankle; Sprain,2025-10-22
10/22/2025,07:00 (ET),BKN@CHA,Charlotte Hornets,"Green, Josh",Out,Injury/Illness - Left Shoulder; Surgery,2025-10-22
10/22/2025,07:00 (ET),BKN@CHA,Charlotte Hornets,"Williams, Grant",Out,Injury/Illness - Right Knee; Surgery,2025-10-22
10/22/2025,07:00 (ET),CLE@NYK,Cleveland Cavaliers,"Garland, Darius",Out,Injury/Illness - Left Great Toe; Surgery,2025-10-22
10/22/2025,07:00 (ET),CLE@NYK,Cleveland Cavaliers,"Hunter, De'Andre",Questionable,Injury/Illness - Right Knee; Contusion,2025-10-22
10/22/2025,07:00 (ET),CLE@NYK,Cleveland Cavaliers,"Strus, Max",Out,Injury/Illness - Left Foot; Surgery - Jones Fracture,2025-10-22
10/22/2025,07:00 (ET),CLE@NYK,New York Knicks,"Anunoby, OG",Probable,Injury/Illness - Left Ankle; Sprain,2025-10-22
10/22/2025,07:00 (ET),CLE@NYK,New York Knicks,"Hart, Josh",Out,Injury/Illness - Lower Back; Lumbar Spasms,2025-10-22
10/22/2025,07:00 (ET),CLE@NYK,New York Knicks,"Robinson, Mitchell",Out,Injury/Illness - Left Ankle; Left Ankle Injury Management,2025-10-22
10/22/2025,07:00 (ET),CLE@NYK,New York Knicks,"Towns, Karl-Anthony",Questionable,Injury/Illness - Right Quad; Strain,2025-10-22
10/22/2025,07:00 (ET),MIA@ORL,Miami Heat,"Herro, Tyler",Out,Injury/Illness - Left Ankle; Surgery,2025-10-22
10/22/2025,07:00 (ET),MIA@ORL,Miami Heat,"Jakucionis, Kasparas",Out,Injury/Illness - Right Groin; Strain,2025-10-22
10/22/2025,07:00 (ET),MIA@ORL,Miami Heat,"Jovic, Nikola",Available,Injury/Illness - Low Back; Pain,2025-10-22
10/22/2025,07:00 (ET),MIA@ORL,Miami Heat,"Rozier, Terry",Available,Injury/Illness - Left Hamstring; Strain,2025-10-22
10/22/2025,07:00 (ET),MIA@ORL,Miami Heat,"Ware, Kel'el",Available,Injury/Illness - Left Ankle; Sprain,2025-10-22
10/22/2025,07:00 (ET),MIA@ORL,Orlando Magic,"Suggs, Jalen",Available,Injury/Illness - Left Knee; Injury recovery,2025-10-22
10/22/2025,07:00 (ET),MIA@ORL,Orlando Magic,"Wagner, Moritz",Out,Injury/Illness - Left Knee; Injury recovery,2025-10-22
10/22/2025,07:30 (ET),PHI@BOS,Philadelphia 76ers,"George, Paul",Out,Injury/Illness - Left Knee; surgery recovery,2025-10-22
10/22/2025,07:30 (ET),PHI@BOS,Philadelphia 76ers,"McCain, Jared",Out,Injury/Illness - Right thumb; surgery recovery,2025-10-22
10/22/2025,07:30 (ET),PHI@BOS,Philadelphia 76ers,"Watford, Trendon",Out,Injury/Illness - Left Hamstring; tightness,2025-10-22
10/22/2025,07:30 (ET),PHI@BOS,Boston Celtics,"Brown, Jaylen",Questionable,Injury/Illness - Left Hamstring; Strain,2025-10-22
10/22/2025,07:30 (ET),PHI@BOS,Boston Celtics,"Tatum, Jayson",Out,Injury/Illness - Right Achilles; Repair,2025-10-22
10/22/2025,07:30 (ET),TOR@ATL,Toronto Raptors,"Murray-Boyles, Collin",Out,Injury/Illness - Right Forearm; Muscle Strain,2025-10-22
10/22/2025,07:30 (ET),TOR@ATL,Toronto Raptors,"Walter, Ja'Kobe",Out,Injury/Illness - N/A; Illness,2025-10-22
10/22/2025,08:00 (ET),DET@CHI,Detroit Pistons,"Ivey, Jaden",Out,Injury/Illness - Right Knee; Arthroscopy,2025-10-22
10/22/2025,08:00 (ET),DET@CHI,Detroit Pistons,"LeVert, Caris",Probable,Injury/Illness - Right Knee; Soreness,2025-10-22
10/22/2025,08:00 (ET),DET@CHI,Detroit Pistons,"Sasser, Marcus",Doubtful,Injury/Illness - Right Hip; Impingement,2025-10-22
10/22/2025,08:00 (ET),DET@CHI,Chicago Bulls,"Collins, Zach",Out,Injury/Illness - Left Scaphoid; Fracture,2025-10-22
10/22/2025,08:00 (ET),DET@CHI,Chicago Bulls,"White, Coby",Out,Injury/Illness - Right Calf; Strain,2025-10-22
10/22/2025,08:00 (ET),NOP@MEM,New Orleans Pelicans,"Looney, Kevon",Out,Injury/Illness - Left Knee; Sprain,2025-10-22
10/22/2025,08:00 (ET),NOP@MEM,New Orleans Pelicans,"Matkovic, Karlo",Out,Injury/Illness - Low Back; Spasms,2025-10-22
10/22/2025,08:00 (ET),NOP@MEM,New Orleans Pelicans,"Murray, Dejounte",Out,Injury/Illness - Right Achilles; Rupture,2025-10-22
10/22/2025,08:00 (ET),NOP@MEM,Memphis Grizzlies,"Clarke, Brandon",Out,Injury/Illness - Right Knee; Surgery Recovery,2025-10-22
10/22/2025,08:00 (ET),NOP@MEM,Memphis Grizzlies,"Edey, Zach",Out,Injury/Illness - Left Ankle; Surgery Recovery,2025-10-22
10/22/2025,08:00 (ET),NOP@MEM,Memphis Grizzlies,"Jerome, Ty",Out,Injury/Illness - Right Calf; Strain,2025-10-22
10/22/2025,08:00 (ET),NOP@MEM,Memphis Grizzlies,"Pippen Jr., Scotty",Out,Injury/Illness - Left Great Toe; Surgery Recovery,2025-10-22
10/22/2025,08:00 (ET),NOP@MEM,Memphis Grizzlies,"Williams Jr., Vince",Out,Injury/Illness - Right Heel; Soreness,2025-10-22
10/22/2025,08:00 (ET),WAS@MIL,Washington Wizards,"Coulibaly, Bilal",Out,Injury/Illness - Right Hand; Surgery,2025-10-22
10/22/2025,08:00 (ET),WAS@MIL,Washington Wizards,"Riley, Will",Available,Injury/Illness - Right Ankle; Sprain,2025-10-22
10/22/2025,08:00 (ET),WAS@MIL,Milwaukee Bucks,"Antetokounmpo, Giannis",Probable,Injury/Illness - Lower Back; Soreness,2025-10-22
10/22/2025,09:00 (ET),LAC@UTA,LA Clippers,"Miller, Jordan",Out,Injury/Illness - Left Hamstring; Soreness,2025-10-22
10/22/2025,09:00 (ET),LAC@UTA,LA Clippers,"Sanders, Kobe",Available,G League - Two-Way,2025-10-22
10/22/2025,09:00 (ET),LAC@UTA,LA Clippers,"Telfort, Jahmyl",Out,G League - Two-Way,2025-10-22
10/22/2025,09:00 (ET),LAC@UTA,Utah Jazz,"Bailey, Ace",Available,Injury/Illness - N/A; Illness,2025-10-22
10/22/2025,09:00 (ET),LAC@UTA,Utah Jazz,"Collier, Isaiah",Out,Injury/Illness - Right Hamstring; Strain,2025-10-22
10/22/2025,09:00 (ET),LAC@UTA,Utah Jazz,"Niang, Georges",Out,Injury/Illness - Left Foot; Fourth metatarsal stress reaction,2025-10-22
10/22/2025,09:30 (ET),SAS@DAL,San Antonio Spurs,"Fox, De'Aaron",Out,Injury/Illness - Right Hamstring; Strain,2025-10-22
10/22/2025,09:30 (ET),SAS@DAL,San Antonio Spurs,"Olynyk, Kelly",Out,Injury/Illness - Left Heel; Surgery,2025-10-22
10/22/2025,09:30 (ET),SAS@DAL,San Antonio Spurs,"Sochan, Jeremy",Out,Injury/Illness - Left Wrist; Sprain,2025-10-22
10/22/2025,09:30 (ET),SAS@DAL,San Antonio Spurs,"Waters III, Lindy",Out,Injury/Illness - Bilateral Eye; Procedure,2025-10-22
10/22/2025,09:30 (ET),SAS@DAL,Dallas Mavericks,"Exum, Dante",Out,Injury/Illness - Right Knee; Injury Management,2025-10-22
10/22/2025,09:30 (ET),SAS@DAL,Dallas Mavericks,"Gafford, Daniel",Doubtful,Injury/Illness - Right Ankle; Sprain,2025-10-22
10/22/2025,09:30 (ET),SAS@DAL,Dallas Mavericks,"Irving, Kyrie",Out,Injury/Illness - Left Knee; Surgery,2025-10-22
10/22/2025,10:00 (ET),MIN@POR,Minnesota Timberwolves,"Edwards, Anthony",Questionable,Injury/Illness - Back; Low Back Spasms,2025-10-22
10/22/2025,10:00 (ET),MIN@POR,Minnesota Timberwolves,"Zikarsky, Rocco",Available,Injury/Illness - Face Mask; Face Mask,2025-10-22
10/22/2025,10:00 (ET),MIN@POR,Portland Trail Blazers,"Henderson, Scoot",Out,Injury/Illness - Left Hamstring; Tear,2025-10-22
10/22/2025,10:00 (ET),MIN@POR,Portland Trail Blazers,"Lillard, Damian",Out,Injury/Illness - Left Achilles Tendon; Injury Recovery,2025-10-22
10/22/2025,10:00 (ET),MIN@POR,Portland Trail Blazers,"Williams III, Robert",Out,Return to Competition Reconditioning,2025-10-22
10/22/2025,10:00 (ET),SAC@PHX,Sacramento Kings,"Jones, Isaac",Out,Injury/Illness - N/a; Illness,2025-10-22
10/22/2025,10:00 (ET),SAC@PHX,Sacramento Kings,"Murray, Keegan",Out,Injury/Illness - Left Thumb; UCL Recovery,2025-10-22
10/22/2025,10:00 (ET),SAC@PHX,Sacramento Kings,"Sabonis, Domantas",Out,Injury/Illness - Right Hamstring; Strain,2025-10-22
10/22/2025,10:00 (ET),SAC@PHX,Phoenix Suns,"Allen, Grayson",Probable,Injury/Illness - Left Hip; Soreness,2025-10-22
10/22/2025,10:00 (ET),SAC@PHX,Phoenix Suns,"Green, Jalen",Out,Injury/Illness - Right Hamstring; Strain,2025-10-22
10/23/2025,07:30 (ET),OKC@IND,Oklahoma City Thunder,"Caruso, Alex",Out,Injury/Illness - N/a; Concussion Protocol,2025-10-22
10/23/2025,07:30 (ET),OKC@IND,Oklahoma City Thunder,"Dort, Luguentz",Questionable,Injury/Illness - Left Ankle; Sprain,2025-10-22
10/23/2025,07:30 (ET),OKC@IND,Oklahoma City Thunder,"Joe, Isaiah",Out,Injury/Illness - Left Knee; Contusion,2025-10-22
10/23/2025,07:30 (ET),OKC@IND,Oklahoma City Thunder,"Sorber, Thomas",Out,Injury/Illness - Right ACL; Surgical Recovery,2025-10-22
10/23/2025,07:30 (ET),OKC@IND,Oklahoma City Thunder,"Topic, Nikola",Out,Injury/Illness - N/a; Surgical Recovery,2025-10-22
10/23/2025,07:30 (ET),OKC@IND,Oklahoma City Thunder,"Wallace, Cason",Questionable,Injury/Illness - Left Knee; Sprain,2025-10-22
10/23/2025,07:30 (ET),OKC@IND,Oklahoma City Thunder,"Williams, Jalen",Out,Injury/Illness - Right Wrist; Surgical Recovery,2025-10-22
10/23/2025,07:30 (ET),OKC@IND,Oklahoma City Thunder,"Williams, Kenrich",Out,Injury/Illness - Left Knee; Surgical Recovery,2025-10-22
10/23/2025,07:30 (ET),OKC@IND,Indiana Pacers,"Haliburton, Tyrese",Out,Injury/Illness - Right Achilles Tendon; Tear,2025-10-22
10/23/2025,07:30 (ET),OKC@IND,Indiana Pacers,"Jackson, Quenton",Out,Injury/Illness - Right Hamstring; Strain,2025-10-22
10/23/2025,07:30 (ET),OKC@IND,Indiana Pacers,"Jones, Kam",Out,Injury/Illness - Lower Back; Stress Reaction,2025-10-22
10/23/2025,07:30 (ET),OKC@IND,Indiana Pacers,"McConnell, T.J.",Out,Injury/Illness - Left Hamstring; Strain,2025-10-22
10/23/2025,10:00 (ET),DEN@GSW,Denver Nuggets,,,NOT YET SUBMITTED,2025-10-22
10/23/2025,10:00 (ET),DEN@GSW,Golden State Warriors,,,NOT YET SUBMITTED,2025-10-22
10/23/2025,07:30 (ET),OKC@IND,Oklahoma City Thunder,"Caruso, Alex",Out,Injury/Illness - N/a; Concussion Protocol,2025-10-23
10/23/2025,07:30 (ET),OKC@IND,Oklahoma City Thunder,"Dort, Luguentz",Available,Injury/Illness - Left Ankle; Sprain,2025-10-23
10/23/2025,07:30 (ET),OKC@IND,Oklahoma City Thunder,"Joe, Isaiah",Out,Injury/Illness - Left Knee; Contusion,2025-10-23
10/23/2025,07:30 (ET),OKC@IND,Oklahoma City Thunder,"Sorber, Thomas",Out,Injury/Illness - Right ACL; Surgical Recovery,2025-10-23
10/23/2025,07:30 (ET),OKC@IND,Oklahoma City Thunder,"Topic, Nikola",Out,Injury/Illness - N/a; Surgical Recovery,2025-10-23
10/23/2025,07:30 (ET),OKC@IND,Oklahoma City Thunder,"Wallace, Cason",Out,Injury/Illness - Left Knee; Sprain,2025-10-23
10/23/2025,07:30 (ET),OKC@IND,Oklahoma City Thunder,"Williams, Jalen",Out,Injury/Illness - Right Wrist; Surgical Recovery,2025-10-23
10/23/2025,07:30 (ET),OKC@IND,Oklahoma City Thunder,"Williams, Kenrich",Out,Injury/Illness - Left Knee; Surgical Recovery,2025-10-23
10/23/2025,07:30 (ET),OKC@IND,Indiana Pacers,"Haliburton, Tyrese",Out,Injury/Illness - Right Achilles Tendon; Tear,2025-10-23
10/23/2025,07:30 (ET),OKC@IND,Indiana Pacers,"Jackson, Quenton",Out,Injury/Illness - Right Hamstring; Strain,2025-10-23
10/23/2025,07:30 (ET),OKC@IND,Indiana Pacers,"Jones, Kam",Out,Injury/Illness - Lower Back; Stress Reaction,2025-10-23
10/23/2025,07:30 (ET),OKC@IND,Indiana Pacers,"McConnell, T.J.",Out,Injury/Illness - Left Hamstring; Strain,2025-10-23
10/23/2025,10:00 (ET),DEN@GSW,Golden State Warriors,"Melton, De'Anthony",Out,Injury/Illness - Left ACL; Surgery,2025-10-23
10/23/2025,10:00 (ET),DEN@GSW,Golden State Warriors,"Moody, Moses",Out,Injury/Illness - Left Soleus; Strain,2025-10-23
10/23/2025,10:00 (ET),DEN@GSW,Golden State Warriors,"Toohey, Alex",Out,Injury/Illness - Left Knee; Patellofemoral Pain,2025-10-23
10/24/2025,06:30 (ET),MIL@TOR,Milwaukee Bucks,"Antetokounmpo, Giannis",Probable,Injury/Illness - Left Great Toe; Sprain,2025-10-23
10/24/2025,06:30 (ET),MIL@TOR,Milwaukee Bucks,"Porter Jr., Kevin",Out,Injury/Illness - Left Ankle; Sprain,2025-10-23
10/24/2025,06:30 (ET),MIL@TOR,Toronto Raptors,"Murray-Boyles, Collin",Questionable,Injury/Illness - Right Forearm; Muscle Strain,2025-10-23
10/24/2025,06:30 (ET),MIL@TOR,Toronto Raptors,"Walter, Ja'Kobe",Questionable,Injury/Illness - Illness; Illness,2025-10-23
10/24/2025,07:00 (ET),ATL@ORL,Atlanta Hawks,"Djurisic, Nikola",Out,Not With Team,2025-10-23
10/24/2025,07:00 (ET),ATL@ORL,Atlanta Hawks,"Ndiaye, Eli John",Out,Not With Team,2025-10-23
10/24/2025,07:00 (ET),ATL@ORL,Atlanta Hawks,"Risacher, Zaccharie",Questionable,Injury/Illness - Right Ankle; Sprain,2025-10-23
10/24/2025,07:00 (ET),ATL@ORL,Orlando Magic,"Wagner, Moritz",Out,Injury/Illness - Left Knee; injury recovery,2025-10-23
10/24/2025,07:30 (ET),BOS@NYK,Boston Celtics,"Garza, Luka",Out,Injury/Illness - Concussion; Concussion Protocol,2025-10-23
10/24/2025,07:30 (ET),BOS@NYK,Boston Celtics,"Tatum, Jayson",Out,Injury/Illness - Right Achilles; Repair,2025-10-23
10/24/2025,07:30 (ET),BOS@NYK,New York Knicks,"Anunoby, OG",Probable,Injury/Illness - Left Ankle; Sprain,2025-10-23
10/24/2025,07:30 (ET),BOS@NYK,New York Knicks,"Hart, Josh",Questionable,Injury/Illness - Lower Back; Lumbar Spasms,2025-10-23
10/24/2025,07:30 (ET),BOS@NYK,New York Knicks,"Robinson, Mitchell",Out,Injury/Illness - Left Ankle; Left Ankle Injury Management,2025-10-23
10/24/2025,07:30 (ET),BOS@NYK,New York Knicks,"Towns, Karl-Anthony",Questionable,Injury/Illness - Right Quad; Strain,2025-10-23
10/24/2025,07:30 (ET),CLE@BKN,Cleveland Cavaliers,"Garland, Darius",Out,Injury/Illness - Left Great Toe; Surgery,2025-10-23
10/24/2025,07:30 (ET),CLE@BKN,Cleveland Cavaliers,"Hunter, De'Andre",Questionable,Injury/Illness - Right Knee; Contusion,2025-10-23
10/24/2025,07:30 (ET),CLE@BKN,Cleveland Cavaliers,"Strus, Max",Out,Injury/Illness - Left Foot; Surgery - Jones Fracture,2025-10-23
10/24/2025,07:30 (ET),CLE@BKN,Brooklyn Nets,"Highsmith, Haywood",Out,"Injury/Illness - Right Knee; Surgery, Injury Recovery",2025-10-23
10/24/2025,07:30 (ET),CLE@BKN,Brooklyn Nets,"Powell, Drake",Out,Injury/Illness - Right Ankle; Sprain,2025-10-23
10/24/2025,07:30 (ET),CLE@BKN,Brooklyn Nets,"Wolf, Danny",Out,Injury/Illness - Left Ankle; Sprain,2025-10-23
10/24/2025,08:00 (ET),DET@HOU,Detroit Pistons,,,NOT YET SUBMITTED,2025-10-23
10/24/2025,08:00 (ET),DET@HOU,Houston Rockets,"Crawford, Isaiah",Questionable,Injury/Illness - Left Ankle; Sprain,2025-10-23
10/24/2025,08:00 (ET),DET@HOU,Houston Rockets,"Finney-Smith, Dorian",Out,Injury/Illness - Left Ankle; Surgery,2025-10-23
10/24/2025,08:00 (ET),DET@HOU,Houston Rockets,"Tate, Jae'Sean",Questionable,Injury/Illness - Right Ankle; Surgery,2025-10-23
10/24/2025,08:00 (ET),DET@HOU,Houston Rockets,"VanVleet, Fred",Out,Injury/Illness - Right Knee; ACL Repair,2025-10-23
10/24/2025,08:00 (ET),MIA@MEM,Miami Heat,,,NOT YET SUBMITTED,2025-10-23
10/24/2025,08:00 (ET),MIA@MEM,Memphis Grizzlies,,,NOT YET SUBMITTED,2025-10-23
10/24/2025,08:00 (ET),SAS@NOP,San Antonio Spurs,"Fox, De'Aaron",Out,Injury/Illness - Right Hamstring; Strain,2025-10-23
10/24/2025,08:00 (ET),SAS@NOP,San Antonio Spurs,"Olynyk, Kelly",Out,Injury/Illness - Left Heel; Surgery,2025-10-23
10/24/2025,08:00 (ET),SAS@NOP,San Antonio Spurs,"Sochan, Jeremy",Out,Injury/Illness - Left Wrist; Sprain,2025-10-23
10/24/2025,08:00 (ET),SAS@NOP,San Antonio Spurs,"Waters III, Lindy",Out,Injury/Illness - Bilateral Eye; Procedure,2025-10-23
10/24/2025,08:00 (ET),SAS@NOP,New Orleans Pelicans,"Looney, Kevon",Out,Injury/Illness - Left Knee; Sprain,2025-10-23
10/24/2025,08:00 (ET),SAS@NOP,New Orleans Pelicans,"Matkovic, Karlo",Questionable,Injury/Illness - Low Back; Spasms,2025-10-23
10/24/2025,08:00 (ET),SAS@NOP,New Orleans Pelicans,"Missi, Yves",Questionable,Injury/Illness - Right Ankle; Sprain,2025-10-23
10/24/2025,08:00 (ET),SAS@NOP,New Orleans Pelicans,"Murray, Dejounte",Out,Injury/Illness - Right Achilles; Rupture,2025-10-23
10/24/2025,08:00 (ET),SAS@NOP,New Orleans Pelicans,"Springer, Jaden",Out,Not With Team,2025-10-23
10/24/2025,08:30 (ET),WAS@DAL,Washington Wizards,"Coulibaly, Bilal",Out,Injury/Illness - Right Hand; Surgery,2025-10-23
10/24/2025,08:30 (ET),WAS@DAL,Dallas Mavericks,"Exum, Dante",Out,Injury/Illness - Right Knee; Injury Management,2025-10-23
10/24/2025,08:30 (ET),WAS@DAL,Dallas Mavericks,"Gafford, Daniel",Questionable,Injury/Illness - Right Ankle; Sprain,2025-10-23
10/24/2025,08:30 (ET),WAS@DAL,Dallas Mavericks,"Irving, Kyrie",Out,Injury/Illness - Left Knee; Surgery,2025-10-23
10/24/2025,10:00 (ET),GSW@POR,Golden State Warriors,,,NOT YET SUBMITTED,2025-10-23
10/24/2025,10:00 (ET),GSW@POR,Portland Trail Blazers,,,NOT YET SUBMITTED,2025-10-23
10/24/2025,10:00 (ET),MIN@LAL,Minnesota Timberwolves,,,NOT YET SUBMITTED,2025-10-23
10/24/2025,10:00 (ET),MIN@LAL,Los Angeles Lakers,,,NOT YET SUBMITTED,2025-10-23
10/24/2025,10:00 (ET),UTA@SAC,Utah Jazz,,,NOT YET SUBMITTED,2025-10-23
10/24/2025,10:00 (ET),UTA@SAC,Sacramento Kings,,,NOT YET SUBMITTED,2025-10-23
10/24/2025,10:30 (ET),PHX@LAC,Phoenix Suns,,,NOT YET SUBMITTED,2025-10-23
10/24/2025,10:30 (ET),PHX@LAC,LA Clippers,,,NOT YET SUBMITTED,2025-10-23
10/24/2025,06:30 (ET),MIL@TOR,Milwaukee Bucks,"Antetokounmpo, Giannis",Available,Injury/Illness - Left Great Toe; Sprain,2025-10-24
10/24/2025,06:30 (ET),MIL@TOR,Milwaukee Bucks,"Porter Jr., Kevin",Out,Injury/Illness - Left Ankle; Sprain,2025-10-24
10/24/2025,06:30 (ET),MIL@TOR,Toronto Raptors,"Murray-Boyles, Collin",Out,Injury/Illness - Right Forearm; Muscle Strain,2025-10-24
10/24/2025,06:30 (ET),MIL@TOR,Toronto Raptors,"Walter, Ja'Kobe",Available,Injury/Illness - Illness; Illness,2025-10-24
10/24/2025,07:00 (ET),ATL@ORL,Atlanta Hawks,"Djurisic, Nikola",Out,Not With Team,2025-10-24
10/24/2025,07:00 (ET),ATL@ORL,Atlanta Hawks,"Ndiaye, Eli John",Out,Not With Team,2025-10-24
10/24/2025,07:00 (ET),ATL@ORL,Atlanta Hawks,"Porzingis, Kristaps",Out,Injury/Illness - Flu-like; Symptoms,2025-10-24
10/24/2025,07:00 (ET),ATL@ORL,Atlanta Hawks,"Risacher, Zaccharie",Out,Injury/Illness - Right Ankle; Sprain,2025-10-24
10/24/2025,07:00 (ET),ATL@ORL,Orlando Magic,"Wagner, Moritz",Out,Injury/Illness - Left Knee; injury recovery,2025-10-24
10/24/2025,07:30 (ET),BOS@NYK,Boston Celtics,"Garza, Luka",Out,Injury/Illness - Concussion; Concussion Protocol,2025-10-24
10/24/2025,07:30 (ET),BOS@NYK,Boston Celtics,"Tatum, Jayson",Out,Injury/Illness - Right Achilles; Repair,2025-10-24
10/24/2025,07:30 (ET),BOS@NYK,New York Knicks,"Anunoby, OG",Probable,Injury/Illness - Left Ankle; Sprain,2025-10-24
10/24/2025,07:30 (ET),BOS@NYK,New York Knicks,"Hart, Josh",Questionable,Injury/Illness - Lower Back; Lumbar Spasms,2025-10-24
10/24/2025,07:30 (ET),BOS@NYK,New York Knicks,"Robinson, Mitchell",Out,Injury/Illness - Left Ankle; Left Ankle Injury Management,2025-10-24
10/24/2025,07:30 (ET),BOS@NYK,New York Knicks,"Towns, Karl-Anthony",Questionable,Injury/Illness - Right Quad; Strain,2025-10-24
10/24/2025,07:30 (ET),CLE@BKN,Cleveland Cavaliers,"Garland, Darius",Out,Injury/Illness - Left Great Toe; Surgery,2025-10-24
10/24/2025,07:30 (ET),CLE@BKN,Cleveland Cavaliers,"Hunter, De'Andre",Questionable,Injury/Illness - Right Knee; Contusion,2025-10-24
10/24/2025,07:30 (ET),CLE@BKN,Cleveland Cavaliers,"Strus, Max",Out,Injury/Illness - Left Foot; Surgery - Jones Fracture,2025-10-24
10/24/2025,07:30 (ET),CLE@BKN,Brooklyn Nets,"Highsmith, Haywood",Out,"Injury/Illness - Right Knee; Surgery, Injury Recovery",2025-10-24
10/24/2025,07:30 (ET),CLE@BKN,Brooklyn Nets,"Powell, Drake",Out,Injury/Illness - Right Ankle; Sprain,2025-10-24
10/24/2025,07:30 (ET),CLE@BKN,Brooklyn Nets,"Wolf, Danny",Out,Injury/Illness - Left Ankle; Sprain,2025-10-24
10/24/2025,08:00 (ET),DET@HOU,Detroit Pistons,"Ivey, Jaden",Out,Injury/Illness - Right Knee; Arthroscopy,2025-10-24
10/24/2025,08:00 (ET),DET@HOU,Detroit Pistons,"LeVert, Caris",Questionable,Injury/Illness - Left Hamstring; Tightness,2025-10-24
10/24/2025,08:00 (ET),DET@HOU,Detroit Pistons,"Sasser, Marcus",Doubtful,Injury/Illness - Right Hip; Impingement,2025-10-24
10/24/2025,08:00 (ET),DET@HOU,Houston Rockets,"Crawford, Isaiah",Questionable,Injury/Illness - Left Ankle; Sprain,2025-10-24
10/24/2025,08:00 (ET),DET@HOU,Houston Rockets,"Finney-Smith, Dorian",Out,Injury/Illness - Left Ankle; Surgery,2025-10-24
10/24/2025,08:00 (ET),DET@HOU,Houston Rockets,"Tate, Jae'Sean",Questionable,Injury/Illness - Right Ankle; Surgery,2025-10-24
10/24/2025,08:00 (ET),DET@HOU,Houston Rockets,"VanVleet, Fred",Out,Injury/Illness - Right Knee; ACL Repair,2025-10-24
10/24/2025,08:00 (ET),MIA@MEM,Miami Heat,"Herro, Tyler",Out,Injury/Illness - Left Ankle; Surgery,2025-10-24
10/24/2025,08:00 (ET),MIA@MEM,Miami Heat,"Jakucionis, Kasparas",Out,Injury/Illness - Right Groin; Strain,2025-10-24
10/24/2025,08:00 (ET),MIA@MEM,Miami Heat,"Rozier, Terry",Out,Not With Team,2025-10-24
10/24/2025,08:00 (ET),MIA@MEM,Miami Heat,"Ware, Kel'el",Available,Injury/Illness - Left Ankle; Sprain,2025-10-24
10/24/2025,08:00 (ET),MIA@MEM,Memphis Grizzlies,"Caldwell-Pope, Kentavious",Questionable,Injury/Illness - Right Ankle; Soreness,2025-10-24
10/24/2025,08:00 (ET),MIA@MEM,Memphis Grizzlies,"Clarke, Brandon",Out,Injury/Illness - Right Knee; Surgery Recovery,2025-10-24
10/24/2025,08:00 (ET),MIA@MEM,Memphis Grizzlies,"Edey, Zach",Out,Injury/Illness - Left Ankle; Surgery Recovery,2025-10-24
10/24/2025,08:00 (ET),MIA@MEM,Memphis Grizzlies,"Jerome, Ty",Out,Injury/Illness - Right Calf; Strain,2025-10-24
10/24/2025,08:00 (ET),MIA@MEM,Memphis Grizzlies,"Morant, Ja",Questionable,Injury/Illness - Left Ankle; Soreness,2025-10-24
10/24/2025,08:00 (ET),MIA@MEM,Memphis Grizzlies,"Pippen Jr., Scotty",Out,Injury/Illness - Left Great Toe; Surgery Recovery,2025-10-24
10/24/2025,08:00 (ET),MIA@MEM,Memphis Grizzlies,"Williams Jr., Vince",Out,Injury/Illness - Right Heel; Soreness,2025-10-24
10/24/2025,08:00 (ET),SAS@NOP,San Antonio Spurs,"Fox, De'Aaron",Out,Injury/Illness - Right Hamstring; Strain,2025-10-24
10/24/2025,08:00 (ET),SAS@NOP,San Antonio Spurs,"Olynyk, Kelly",Out,Injury/Illness - Left Heel; Surgery,2025-10-24
10/24/2025,08:00 (ET),SAS@NOP,San Antonio Spurs,"Sochan, Jeremy",Out,Injury/Illness - Left Wrist; Sprain,2025-10-24
10/24/2025,08:00 (ET),SAS@NOP,San Antonio Spurs,"Waters III, Lindy",Out,Injury/Illness - Bilateral Eye; Procedure,2025-10-24
10/24/2025,08:00 (ET),SAS@NOP,New Orleans Pelicans,"Looney, Kevon",Out,Injury/Illness - Left Knee; Sprain,2025-10-24
10/24/2025,08:00 (ET),SAS@NOP,New Orleans Pelicans,"Matkovic, Karlo",Questionable,Injury/Illness - Low Back; Spasms,2025-10-24
10/24/2025,08:00 (ET),SAS@NOP,New Orleans Pelicans,"Missi, Yves",Questionable,Injury/Illness - Right Ankle; Sprain,2025-10-24
10/24/2025,08:00 (ET),SAS@NOP,New Orleans Pelicans,"Murray, Dejounte",Out,Injury/Illness - Right Achilles; Rupture,2025-10-24
10/24/2025,08:00 (ET),SAS@NOP,New Orleans Pelicans,"Springer, Jaden",Out,Not With Team,2025-10-24
10/24/2025,08:30 (ET),WAS@DAL,Washington Wizards,"Coulibaly, Bilal",Out,Injury/Illness - Right Hand; Surgery,2025-10-24
10/24/2025,08:30 (ET),WAS@DAL,Dallas Mavericks,"Exum, Dante",Out,Injury/Illness - Right Knee; Injury Management,2025-10-24
10/24/2025,08:30 (ET),WAS@DAL,Dallas Mavericks,"Gafford, Daniel",Out,Injury/Illness - Right Ankle; Sprain,2025-10-24
10/24/2025,08:30 (ET),WAS@DAL,Dallas Mavericks,"Irving, Kyrie",Out,Injury/Illness - Left Knee; Surgery,2025-10-24
10/24/2025,10:00 (ET),GSW@POR,Golden State Warriors,"Horford, Al",Out,Injury/Illness - Left Toe; Injury Management,2025-10-24
10/24/2025,10:00 (ET),GSW@POR,Golden State Warriors,"Kuminga, Jonathan",Probable,Injury/Illness - Right Ankle; Inflammation,2025-10-24
10/24/2025,10:00 (ET),GSW@POR,Golden State Warriors,"Melton, De'Anthony",Out,Injury/Illness - Left ACL; Surgery,2025-10-24
10/24/2025,10:00 (ET),GSW@POR,Golden State Warriors,"Toohey, Alex",Out,Injury/Illness - Left Knee; Patellofemoral Pain,2025-10-24
10/24/2025,10:00 (ET),GSW@POR,Portland Trail Blazers,"Henderson, Scoot",Out,Injury/Illness - Left Hamstring; Tear,2025-10-24
10/24/2025,10:00 (ET),GSW@POR,Portland Trail Blazers,"Lillard, Damian",Out,Injury/Illness - Left Achilles Tendon; Injury Recovery,2025-10-24
10/24/2025,10:00 (ET),GSW@POR,Portland Trail Blazers,"Williams III, Robert",Out,Return to Competition Reconditioning,2025-10-24
10/24/2025,10:00 (ET),MIN@LAL,Minnesota Timberwolves,"Zikarsky, Rocco",Available,Injury/Illness - Face; Face Mask,2025-10-24
10/24/2025,10:00 (ET),MIN@LAL,Los Angeles Lakers,"Hayes, Jaxson",Questionable,Injury/Illness - Left Knee; Soreness,2025-10-24
10/24/2025,10:00 (ET),MIN@LAL,Los Angeles Lakers,"James, LeBron",Out,Injury/Illness - Right Sciatica; -,2025-10-24
10/24/2025,10:00 (ET),MIN@LAL,Los Angeles Lakers,"Kleber, Maxi",Out,Injury/Illness - Abdominal Muscle; Strain,2025-10-24
10/24/2025,10:00 (ET),MIN@LAL,Los Angeles Lakers,"Thiero, Adou",Out,Injury/Illness - Left Knee; Surgery Recovery,2025-10-24
10/24/2025,10:00 (ET),UTA@SAC,Utah Jazz,"Collier, Isaiah",Out,Injury/Illness - Right Hamstring; Strain,2025-10-24
10/24/2025,10:00 (ET),UTA@SAC,Utah Jazz,"Niang, Georges",Out,Injury/Illness - Left Foot; Fourth Metatarsal Stress Reaction,2025-10-24
10/24/2025,10:00 (ET),UTA@SAC,Sacramento Kings,"Clifford, Nique",Out,Injury/Illness - Right Hamstring; Strain,2025-10-24
10/24/2025,10:00 (ET),UTA@SAC,Sacramento Kings,"Murray, Keegan",Out,Injury/Illness - Left Thumb; UCL Injury Recovery,2025-10-24
10/24/2025,10:00 (ET),UTA@SAC,Sacramento Kings,"Sabonis, Domantas",Available,-,2025-10-24
10/24/2025,10:30 (ET),PHX@LAC,Phoenix Suns,"Green, Jalen",Out,Injury/Illness - Right Hamstring; Strain,2025-10-24
10/24/2025,10:30 (ET),PHX@LAC,LA Clippers,"Miller, Jordan",Out,Injury/Illness - Left Hamstring; Soreness,2025-10-24
10/24/2025,10:30 (ET),PHX@LAC,LA Clippers,"Telfort, Jahmyl",Out,G League - Two-Way,2025-10-24
10/25/2025,07:00 (ET),CHI@ORL,Chicago Bulls,"Collins, Zach",Out,Injury/Illness - Left Scaphoid; Fracture,2025-10-24
10/25/2025,07:00 (ET),CHI@ORL,Chicago Bulls,"Flowers, Trentyn",Out,G League - Two-Way,2025-10-24
10/25/2025,07:00 (ET),CHI@ORL,Chicago Bulls,"Miller, Emanuel",Out,G League - Two-Way,2025-10-24
10/25/2025,07:00 (ET),CHI@ORL,Chicago Bulls,"Olbrich, Lachlan",Out,G League - Two-Way,2025-10-24
10/25/2025,07:00 (ET),CHI@ORL,Chicago Bulls,"White, Coby",Out,Injury/Illness - Right Calf; Strain,2025-10-24
10/25/2025,07:00 (ET),CHI@ORL,Orlando Magic,,,NOT YET SUBMITTED,2025-10-24
10/25/2025,07:30 (ET),CHA@PHI,Charlotte Hornets,"Green, Josh",Out,Injury/Illness - Left Shoulder; Surgery,2025-10-24
10/25/2025,07:30 (ET),CHA@PHI,Charlotte Hornets,"Williams, Grant",Out,Injury/Illness - Right Knee; Surgery,2025-10-24
10/25/2025,07:30 (ET),CHA@PHI,Philadelphia 76ers,"Edwards, Justin",Probable,Injury/Illness - Right Rib; soreness,2025-10-24
10/25/2025,07:30 (ET),CHA@PHI,Philadelphia 76ers,"George, Paul",Out,Injury/Illness - Left Knee; surgery recovery,2025-10-24
10/25/2025,07:30 (ET),CHA@PHI,Philadelphia 76ers,"McCain, Jared",Out,Injury/Illness - Right Thumb; surgery recovery,2025-10-24
10/25/2025,07:30 (ET),CHA@PHI,Philadelphia 76ers,"Watford, Trendon",Out,Injury/Illness - Left Hamstring; tightness,2025-10-24
10/25/2025,07:30 (ET),OKC@ATL,Oklahoma City Thunder,"Caruso, Alex",Out,Injury/Illness - N/a; Concussion Protocol,2025-10-24
10/25/2025,07:30 (ET),OKC@ATL,Oklahoma City Thunder,"Holmgren, Chet",Questionable,Injury/Illness - Low Back; Soreness,2025-10-24
10/25/2025,07:30 (ET),OKC@ATL,Oklahoma City Thunder,"Joe, Isaiah",Out,Injury/Illness - Left Knee; Contusion,2025-10-24
10/25/2025,07:30 (ET),OKC@ATL,Oklahoma City Thunder,"Sorber, Thomas",Out,Injury/Illness - Right ACL; Surgical Recovery,2025-10-24
10/25/2025,07:30 (ET),OKC@ATL,Oklahoma City Thunder,"Topic, Nikola",Out,Injury/Illness - N/a; Surgical Recovery,2025-10-24
10/25/2025,07:30 (ET),OKC@ATL,Oklahoma City Thunder,"Wallace, Cason",Questionable,Injury/Illness - Left Knee; Sprain,2025-10-24
10/25/2025,07:30 (ET),OKC@ATL,Oklahoma City Thunder,"Williams, Jalen",Out,Injury/Illness - Right Wrist; Surgical Recovery,2025-10-24
10/25/2025,07:30 (ET),OKC@ATL,Oklahoma City Thunder,"Williams, Kenrich",Out,Injury/Illness - Left Knee; Surgical Recovery,2025-10-24
10/25/2025,07:30 (ET),OKC@ATL,Atlanta Hawks,,,NOT YET SUBMITTED,2025-10-24
10/25/2025,08:00 (ET),IND@MEM,Indiana Pacers,,,NOT YET SUBMITTED,2025-10-24
10/25/2025,08:00 (ET),IND@MEM,Memphis Grizzlies,,,NOT YET SUBMITTED,2025-10-24
10/25/2025,09:00 (ET),PHX@DEN,Phoenix Suns,,,NOT YET SUBMITTED,2025-10-24
10/25/2025,09:00 (ET),PHX@DEN,Denver Nuggets,,,NOT YET SUBMITTED,2025-10-24
10/25/2025,07:00 (ET),CHI@ORL,Chicago Bulls,"Collins, Zach",Out,Injury/Illness - Left Scaphoid; Fracture,2025-10-25
10/25/2025,07:00 (ET),CHI@ORL,Chicago Bulls,"Flowers, Trentyn",Out,G League - Two-Way,2025-10-25
10/25/2025,07:00 (ET),CHI@ORL,Chicago Bulls,"Miller, Emanuel",Out,G League - Two-Way,2025-10-25
10/25/2025,07:00 (ET),CHI@ORL,Chicago Bulls,"Olbrich, Lachlan",Out,G League - Two-Way,2025-10-25
10/25/2025,07:00 (ET),CHI@ORL,Chicago Bulls,"White, Coby",Out,Injury/Illness - Right Calf; Strain,2025-10-25
10/25/2025,07:00 (ET),CHI@ORL,Orlando Magic,"Suggs, Jalen",Out,Injury/Illness - Left Knee; Injury management,2025-10-25
10/25/2025,07:00 (ET),CHI@ORL,Orlando Magic,"Wagner, Moritz",Out,Injury/Illness - Left Knee; Injury recovery,2025-10-25
10/25/2025,07:30 (ET),CHA@PHI,Charlotte Hornets,"Green, Josh",Out,Injury/Illness - Left Shoulder; Surgery,2025-10-25
10/25/2025,07:30 (ET),CHA@PHI,Charlotte Hornets,"Williams, Grant",Out,Injury/Illness - Right Knee; Surgery,2025-10-25
10/25/2025,07:30 (ET),CHA@PHI,Philadelphia 76ers,"Edwards, Justin",Available,Injury/Illness - Right Rib; soreness,2025-10-25
10/25/2025,07:30 (ET),CHA@PHI,Philadelphia 76ers,"George, Paul",Out,Injury/Illness - Left Knee; surgery recovery,2025-10-25
10/25/2025,07:30 (ET),CHA@PHI,Philadelphia 76ers,"McCain, Jared",Out,Injury/Illness - Right Thumb; surgery recovery,2025-10-25
10/25/2025,07:30 (ET),CHA@PHI,Philadelphia 76ers,"Watford, Trendon",Out,Injury/Illness - Left Hamstring; tightness,2025-10-25
10/25/2025,07:30 (ET),OKC@ATL,Oklahoma City Thunder,"Caruso, Alex",Out,Injury/Illness - N/a; Concussion Protocol,2025-10-25
10/25/2025,07:30 (ET),OKC@ATL,Oklahoma City Thunder,"Holmgren, Chet",Available,-,2025-10-25
10/25/2025,07:30 (ET),OKC@ATL,Oklahoma City Thunder,"Joe, Isaiah",Out,Injury/Illness - Left Knee; Contusion,2025-10-25
10/25/2025,07:30 (ET),OKC@ATL,Oklahoma City Thunder,"Sorber, Thomas",Out,Injury/Illness - Right ACL; Surgical Recovery,2025-10-25
10/25/2025,07:30 (ET),OKC@ATL,Oklahoma City Thunder,"Topic, Nikola",Out,Injury/Illness - N/a; Surgical Recovery,2025-10-25
10/25/2025,07:30 (ET),OKC@ATL,Oklahoma City Thunder,"Wallace, Cason",Available,-,2025-10-25
10/25/2025,07:30 (ET),OKC@ATL,Oklahoma City Thunder,"Williams, Jalen",Out,Injury/Illness - Right Wrist; Surgical Recovery,2025-10-25
10/25/2025,07:30 (ET),OKC@ATL,Oklahoma City Thunder,"Williams, Kenrich",Out,Injury/Illness - Left Knee; Surgical Recovery,2025-10-25
10/25/2025,07:30 (ET),OKC@ATL,Atlanta Hawks,"Johnson, Jalen",Out,Injury/Illness - Right Ankle; Sprain,2025-10-25
10/25/2025,07:30 (ET),OKC@ATL,Atlanta Hawks,"Porzingis, Kristaps",Out,Injury/Illness - Flu-like; Symptoms,2025-10-25
10/25/2025,07:30 (ET),OKC@ATL,Atlanta Hawks,"Risacher, Zaccharie",Out,Injury/Illness - Right Ankle; Sprain,2025-10-25
10/25/2025,08:00 (ET),IND@MEM,Indiana Pacers,"Furphy, Johnny",Questionable,Injury/Illness - Left Foot; Sore,2025-10-25
10/25/2025,08:00 (ET),IND@MEM,Indiana Pacers,"Haliburton, Tyrese",Out,Injury/Illness - Right Achilles Tendon; Torn,2025-10-25
10/25/2025,08:00 (ET),IND@MEM,Indiana Pacers,"Jackson, Quenton",Out,Injury/Illness - Right Hamstring; Strain,2025-10-25
10/25/2025,08:00 (ET),IND@MEM,Indiana Pacers,"Jones, Kam",Out,Injury/Illness - Lower Back; Stress Reaction,2025-10-25
10/25/2025,08:00 (ET),IND@MEM,Indiana Pacers,"McConnell, T.J.",Out,Injury/Illness - Left Hamstring; Strain,2025-10-25
10/25/2025,08:00 (ET),IND@MEM,Indiana Pacers,"Nembhard, Andrew",Out,Injury/Illness - Left Shoulder; Strain,2025-10-25
10/25/2025,08:00 (ET),IND@MEM,Memphis Grizzlies,"Aldama, Santi",Questionable,Injury/Illness - Right Knee; Soreness,2025-10-25
10/25/2025,08:00 (ET),IND@MEM,Memphis Grizzlies,"Clarke, Brandon",Out,Injury/Illness - Right Knee; Surgery Recovery,2025-10-25
10/25/2025,08:00 (ET),IND@MEM,Memphis Grizzlies,"Edey, Zach",Out,Injury/Illness - Left Ankle; Surgery Recovery,2025-10-25
10/25/2025,08:00 (ET),IND@MEM,Memphis Grizzlies,"Jerome, Ty",Out,Injury/Illness - Right Calf; Strain,2025-10-25
10/25/2025,08:00 (ET),IND@MEM,Memphis Grizzlies,"Pippen Jr., Scotty",Out,Injury/Illness - Left Great Toe; Surgery Recovery,2025-10-25
10/25/2025,08:00 (ET),IND@MEM,Memphis Grizzlies,"Williams Jr., Vince",Out,Injury/Illness - Right Ankle; Effusion,2025-10-25
10/25/2025,09:00 (ET),PHX@DEN,Phoenix Suns,"Green, Jalen",Out,Injury/Illness - Right Hamstring; Strain,2025-10-25
10/25/2025,09:00 (ET),PHX@DEN,Phoenix Suns,"Williams, Mark",Out,Injury/Illness - Right Knee; Injury management,2025-10-25
10/26/2025,02:00 (ET),BKN@SAS,Brooklyn Nets,,,NOT YET SUBMITTED,2025-10-25
10/26/2025,02:00 (ET),BKN@SAS,San Antonio Spurs,,,NOT YET SUBMITTED,2025-10-25
10/26/2025,03:30 (ET),BOS@DET,Boston Celtics,"Brown, Jaylen",Questionable,Injury/Illness - Left Hamstring; Strain Injury Management,2025-10-25
10/26/2025,03:30 (ET),BOS@DET,Boston Celtics,"Garza, Luka",Questionable,Injury/Illness - Concussion; Concussion Protocol,2025-10-25
10/26/2025,03:30 (ET),BOS@DET,Boston Celtics,"Shulga, Max",Out,G League - Two-Way,2025-10-25
10/26/2025,03:30 (ET),BOS@DET,Boston Celtics,"Tatum, Jayson",Out,Injury/Illness - Right Achilles; Repair,2025-10-25
10/26/2025,03:30 (ET),BOS@DET,Boston Celtics,"White, Derrick",Probable,Injury/Illness - Right Wrist; Sprain,2025-10-25
10/26/2025,03:30 (ET),BOS@DET,Detroit Pistons,"Ivey, Jaden",Out,Injury/Illness - Right Knee; Arthroscopy,2025-10-25
10/26/2025,03:30 (ET),BOS@DET,Detroit Pistons,"LeVert, Caris",Doubtful,Injury/Illness - Left Hamstring; Tightness,2025-10-25
10/26/2025,03:30 (ET),BOS@DET,Detroit Pistons,"Sasser, Marcus",Doubtful,Injury/Illness - Right Hip; Impingement,2025-10-25
10/26/2025,06:00 (ET),CHA@WAS,Charlotte Hornets,,,NOT YET SUBMITTED,2025-10-25
10/26/2025,06:00 (ET),CHA@WAS,Washington Wizards,"Coulibaly, Bilal",Out,Injury/Illness - Right Hand; Surgery,2025-10-25
10/26/2025,06:00 (ET),MIL@CLE,Milwaukee Bucks,"Antetokounmpo, Giannis",Probable,Injury/Illness - Left Great Toe; Sprain,2025-10-25
10/26/2025,06:00 (ET),MIL@CLE,Milwaukee Bucks,"Kuzma, Kyle",Questionable,Injury/Illness - Left Ankle; Sprain,2025-10-25
10/26/2025,06:00 (ET),MIL@CLE,Milwaukee Bucks,"Porter Jr., Kevin",Out,Injury/Illness - Left Ankle; Sprain,2025-10-25
10/26/2025,06:00 (ET),MIL@CLE,Cleveland Cavaliers,"Garland, Darius",Out,Injury/Illness - Left Great Toe; Surgical Recovery,2025-10-25
10/26/2025,06:00 (ET),MIL@CLE,Cleveland Cavaliers,"Hunter, De'Andre",Questionable,Injury/Illness - Right Knee; Contusion,2025-10-25
10/26/2025,06:00 (ET),MIL@CLE,Cleveland Cavaliers,"Strus, Max",Out,Injury/Illness - Left Foot; Surgery - Jones Fracture,2025-10-25
10/26/2025,06:00 (ET),NYK@MIA,New York Knicks,"Hart, Josh",Probable,Injury/Illness - Lower Back; Lumbar spasms,2025-10-25
10/26/2025,06:00 (ET),NYK@MIA,New York Knicks,"McBride, Miles",Questionable,Personal Reasons,2025-10-25
10/26/2025,06:00 (ET),NYK@MIA,New York Knicks,"Robinson, Mitchell",Out,Injury/Illness - Left Ankle; Left Ankle Injury Management,2025-10-25
10/26/2025,06:00 (ET),NYK@MIA,New York Knicks,"Towns, Karl-Anthony",Questionable,Injury/Illness - Right Quad; Strain,2025-10-25
10/26/2025,06:00 (ET),NYK@MIA,Miami Heat,"Herro, Tyler",Out,Injury/Illness - Left Ankle; Surgery,2025-10-25
10/26/2025,06:00 (ET),NYK@MIA,Miami Heat,"Jakucionis, Kasparas",Out,Injury/Illness - Right Groin; Strain,2025-10-25
10/26/2025,06:00 (ET),NYK@MIA,Miami Heat,"Rozier, Terry",Out,Not With Team,2025-10-25
10/26/2025,06:00 (ET),NYK@MIA,Miami Heat,"Ware, Kel'el",Available,Injury/Illness - Left Ankle; Sprain,2025-10-25
10/26/2025,07:00 (ET),IND@MIN,Indiana Pacers,,,NOT YET SUBMITTED,2025-10-25
10/26/2025,07:00 (ET),IND@MIN,Minnesota Timberwolves,,,NOT YET SUBMITTED,2025-10-25
10/26/2025,07:30 (ET),TOR@DAL,Toronto Raptors,"Murray-Boyles, Collin",Questionable,Injury/Illness - Right Forearm; Muscle Strain,2025-10-25
10/26/2025,07:30 (ET),TOR@DAL,Dallas Mavericks,"Exum, Dante",Out,Injury/Illness - Right Knee; Injury Management,2025-10-25
10/26/2025,07:30 (ET),TOR@DAL,Dallas Mavericks,"Gafford, Daniel",Doubtful,Injury/Illness - Right Ankle; Sprain,2025-10-25
10/26/2025,07:30 (ET),TOR@DAL,Dallas Mavericks,"Irving, Kyrie",Out,Injury/Illness - Left Knee; Surgery,2025-10-25
10/26/2025,07:30 (ET),TOR@DAL,Dallas Mavericks,"Williams, Brandon",Out,Personal Reasons,2025-10-25
10/26/2025,09:00 (ET),LAL@SAC,Los Angeles Lakers,,,NOT YET SUBMITTED,2025-10-25
10/26/2025,09:00 (ET),LAL@SAC,Sacramento Kings,,,NOT YET SUBMITTED,2025-10-25
10/26/2025,09:00 (ET),POR@LAC,Portland Trail Blazers,,,NOT YET SUBMITTED,2025-10-25
10/26/2025,09:00 (ET),POR@LAC,LA Clippers,,,NOT YET SUBMITTED,2025-10-25
10/26/2025,02:00 (ET),BKN@SAS,Brooklyn Nets,"Highsmith, Haywood",Out,"Injury/Illness - Right Knee; Surgery, Injury Recovery",2025-10-26
10/26/2025,02:00 (ET),BKN@SAS,Brooklyn Nets,"Powell, Drake",Out,Injury/Illness - Right Ankle; Sprain,2025-10-26
10/26/2025,02:00 (ET),BKN@SAS,Brooklyn Nets,"Thomas, Cam",Available,Injury/Illness - Nasal; Fracture,2025-10-26
10/26/2025,02:00 (ET),BKN@SAS,Brooklyn Nets,"Wolf, Danny",Out,Injury/Illness - Left Ankle; Sprain,2025-10-26
10/26/2025,02:00 (ET),BKN@SAS,San Antonio Spurs,"Fox, De'Aaron",Out,Injury/Illness - Right Hamstring; Strain,2025-10-26
10/26/2025,02:00 (ET),BKN@SAS,San Antonio Spurs,"Kornet, Luke",Out,Injury/Illness - Left Ankle; Sprain,2025-10-26
10/26/2025,02:00 (ET),BKN@SAS,San Antonio Spurs,"Olynyk, Kelly",Out,Injury/Illness - Left Heel; Surgery,2025-10-26
10/26/2025,02:00 (ET),BKN@SAS,San Antonio Spurs,"Sochan, Jeremy",Out,Injury/Illness - Left Wrist; Sprain,2025-10-26
10/26/2025,02:00 (ET),BKN@SAS,San Antonio Spurs,"Waters III, Lindy",Out,Injury/Illness - Bilateral Eye; Procedure,2025-10-26
10/26/2025,03:30 (ET),BOS@DET,Boston Celtics,"Brown, Jaylen",Available,Injury/Illness - Left Hamstring; Strain Injury Management,2025-10-26
10/26/2025,03:30 (ET),BOS@DET,Boston Celtics,"Garza, Luka",Available,Injury/Illness - Concussion; Concussion Protocol,2025-10-26
10/26/2025,03:30 (ET),BOS@DET,Boston Celtics,"Shulga, Max",Out,G League - Two-Way,2025-10-26
10/26/2025,03:30 (ET),BOS@DET,Boston Celtics,"Tatum, Jayson",Out,Injury/Illness - Right Achilles; Repair,2025-10-26
10/26/2025,03:30 (ET),BOS@DET,Boston Celtics,"White, Derrick",Available,Injury/Illness - Right Wrist; Sprain,2025-10-26
10/26/2025,03:30 (ET),BOS@DET,Detroit Pistons,"Ivey, Jaden",Out,Injury/Illness - Right Knee; Arthroscopy,2025-10-26
10/26/2025,03:30 (ET),BOS@DET,Detroit Pistons,"LeVert, Caris",Out,Injury/Illness - Left Hamstring; Tightness,2025-10-26
10/26/2025,03:30 (ET),BOS@DET,Detroit Pistons,"Sasser, Marcus",Out,Injury/Illness - Right Hip; Impingement,2025-10-26
10/26/2025,06:00 (ET),CHA@WAS,Charlotte Hornets,"Green, Josh",Out,Injury/Illness - Left Shoulder; Surgery,2025-10-26
10/26/2025,06:00 (ET),CHA@WAS,Charlotte Hornets,"Miller, Brandon",Out,Injury/Illness - Left Shoulder; Soreness,2025-10-26
10/26/2025,06:00 (ET),CHA@WAS,Charlotte Hornets,"Peterson, Drew",Out,G League - Two-Way,2025-10-26
10/26/2025,06:00 (ET),CHA@WAS,Charlotte Hornets,"Reeves, Antonio",Out,G League - Two-Way,2025-10-26
10/26/2025,06:00 (ET),CHA@WAS,Charlotte Hornets,"Simpson, KJ",Out,G League - Two-Way,2025-10-26
10/26/2025,06:00 (ET),CHA@WAS,Charlotte Hornets,"Williams, Grant",Out,Injury/Illness - Right Knee; Surgery,2025-10-26
10/26/2025,06:00 (ET),CHA@WAS,Washington Wizards,"Branham, Malaki",Out,Coach's Decision,2025-10-26
10/26/2025,06:00 (ET),CHA@WAS,Washington Wizards,"Coulibaly, Bilal",Out,Injury/Illness - Right Hand; Surgery,2025-10-26
10/26/2025,06:00 (ET),CHA@WAS,Washington Wizards,"Watkins, Jamir",Out,G League - Two-Way,2025-10-26
10/26/2025,06:00 (ET),MIL@CLE,Milwaukee Bucks,"Antetokounmpo, Giannis",Available,Injury/Illness - Left Great Toe; Sprain,2025-10-26
10/26/2025,06:00 (ET),MIL@CLE,Milwaukee Bucks,"Anthony, Cole",Out,Injury/Illness - Non-covid; Illness,2025-10-26
10/26/2025,06:00 (ET),MIL@CLE,Milwaukee Bucks,"Kuzma, Kyle",Out,Injury/Illness - Left Ankle; Sprain,2025-10-26
10/26/2025,06:00 (ET),MIL@CLE,Milwaukee Bucks,"Porter Jr., Kevin",Out,Injury/Illness - Left Ankle; Sprain,2025-10-26
10/26/2025,06:00 (ET),MIL@CLE,Cleveland Cavaliers,"Garland, Darius",Out,Injury/Illness - Left Great Toe; Surgical Recovery,2025-10-26
10/26/2025,06:00 (ET),MIL@CLE,Cleveland Cavaliers,"Hunter, De'Andre",Available,Injury/Illness - Right Knee; Contusion,2025-10-26
10/26/2025,06:00 (ET),MIL@CLE,Cleveland Cavaliers,"Strus, Max",Out,Injury/Illness - Left Foot; Surgery - Jones Fracture,2025-10-26
10/26/2025,06:00 (ET),MIL@CLE,Cleveland Cavaliers,"Tomlin, Nae'Qwan",Out,G League - Two-Way,2025-10-26
10/26/2025,06:00 (ET),NYK@MIA,New York Knicks,"Hart, Josh",Probable,Injury/Illness - Lower Back; Lumbar spasms,2025-10-26
10/26/2025,06:00 (ET),NYK@MIA,New York Knicks,"McBride, Miles",Questionable,Personal Reasons,2025-10-26
10/26/2025,06:00 (ET),NYK@MIA,New York Knicks,"Robinson, Mitchell",Out,Injury/Illness - Left Ankle; Left Ankle Injury Management,2025-10-26
10/26/2025,06:00 (ET),NYK@MIA,New York Knicks,"Towns, Karl-Anthony",Questionable,Injury/Illness - Right Quad; Strain,2025-10-26
10/26/2025,06:00 (ET),NYK@MIA,Miami Heat,"Herro, Tyler",Out,Injury/Illness - Left Ankle; Surgery,2025-10-26
10/26/2025,06:00 (ET),NYK@MIA,Miami Heat,"Jakucionis, Kasparas",Out,Injury/Illness - Right Groin; Strain,2025-10-26
10/26/2025,06:00 (ET),NYK@MIA,Miami Heat,"Rozier, Terry",Out,Not With Team,2025-10-26
10/26/2025,06:00 (ET),NYK@MIA,Miami Heat,"Ware, Kel'el",Available,Injury/Illness - Left Ankle; Sprain,2025-10-26
10/26/2025,07:00 (ET),IND@MIN,Indiana Pacers,"Furphy, Johnny",Out,Injury/Illness - Left Foot; Sore,2025-10-26
10/26/2025,07:00 (ET),IND@MIN,Indiana Pacers,"Haliburton, Tyrese",Out,Injury/Illness - Right Achilles Tendon; Torn,2025-10-26
10/26/2025,07:00 (ET),IND@MIN,Indiana Pacers,"Jackson, Quenton",Probable,Injury/Illness - Right Hamstring; Strain,2025-10-26
10/26/2025,07:00 (ET),IND@MIN,Indiana Pacers,"Jones, Kam",Out,Injury/Illness - Lower Back; Stress Reaction,2025-10-26
10/26/2025,07:00 (ET),IND@MIN,Indiana Pacers,"Mathurin, Bennedict",Out,Injury/Illness - Right Great Toe; Sprain,2025-10-26
10/26/2025,07:00 (ET),IND@MIN,Indiana Pacers,"McConnell, T.J.",Out,Injury/Illness - Left Hamstring; Strain,2025-10-26
10/26/2025,07:00 (ET),IND@MIN,Indiana Pacers,"Nembhard, Andrew",Out,Injury/Illness - Left Shoulder; Strain,2025-10-26
10/26/2025,07:00 (ET),IND@MIN,Indiana Pacers,"Peter, Taelon",Out,Injury/Illness - Right Groin; Strain,2025-10-26
10/26/2025,07:00 (ET),IND@MIN,Minnesota Timberwolves,"Dillingham, Rob",Questionable,Injury/Illness - Nasal; Fracture,2025-10-26
10/26/2025,07:00 (ET),IND@MIN,Minnesota Timberwolves,"Zikarsky, Rocco",Available,Injury/Illness - Face; Face Mask,2025-10-26
10/26/2025,07:30 (ET),TOR@DAL,Toronto Raptors,"Hepburn, Chucky",Out,G League - Two-Way,2025-10-26
10/26/2025,07:30 (ET),TOR@DAL,Toronto Raptors,"Lawson, A.J.",Out,G League - Two-Way,2025-10-26
10/26/2025,07:30 (ET),TOR@DAL,Toronto Raptors,"Martin, Alijah",Out,G League - Two-Way,2025-10-26
10/26/2025,07:30 (ET),TOR@DAL,Toronto Raptors,"Murray-Boyles, Collin",Questionable,Injury/Illness - Right Forearm; Muscle Strain,2025-10-26
10/26/2025,07:30 (ET),TOR@DAL,Dallas Mavericks,"Exum, Dante",Out,Injury/Illness - Right Knee; Injury Management,2025-10-26
10/26/2025,07:30 (ET),TOR@DAL,Dallas Mavericks,"Gafford, Daniel",Out,Injury/Illness - Right Ankle; Sprain,2025-10-26
10/26/2025,07:30 (ET),TOR@DAL,Dallas Mavericks,"Irving, Kyrie",Out,Injury/Illness - Left Knee; Surgery,2025-10-26
10/26/2025,07:30 (ET),TOR@DAL,Dallas Mavericks,"Williams, Brandon",Out,Personal Reasons,2025-10-26
10/26/2025,09:00 (ET),LAL@SAC,Los Angeles Lakers,"Doncic, Luka",Out,Injury/Illness - Left Finger; Sprain; Lower Left Leg Contusion,2025-10-26
10/26/2025,09:00 (ET),LAL@SAC,Los Angeles Lakers,"Hayes, Jaxson",Out,Injury/Illness - Left Knee; Soreness,2025-10-26
10/26/2025,09:00 (ET),LAL@SAC,Los Angeles Lakers,"James, LeBron",Out,Injury/Illness - Right Sciatica; -,2025-10-26
10/26/2025,09:00 (ET),LAL@SAC,Los Angeles Lakers,"Kleber, Maxi",Out,Injury/Illness - Abdominal Muscle; Strain,2025-10-26
10/26/2025,09:00 (ET),LAL@SAC,Los Angeles Lakers,"Thiero, Adou",Out,Injury/Illness - Left Knee; Surgery Recovery,2025-10-26
10/26/2025,09:00 (ET),LAL@SAC,Sacramento Kings,"Clifford, Nique",Out,Injury/Illness - Right Hamstring; Strain,2025-10-26
10/26/2025,09:00 (ET),LAL@SAC,Sacramento Kings,"LaVine, Zach",Questionable,Injury/Illness - N/a; Illness,2025-10-26
10/26/2025,09:00 (ET),LAL@SAC,Sacramento Kings,"Murray, Keegan",Out,Injury/Illness - Left Thumb; UCL Injury Recovery,2025-10-26
10/26/2025,09:00 (ET),POR@LAC,Portland Trail Blazers,"Henderson, Scoot",Out,Injury/Illness - Left Hamstring; Tear,2025-10-26
10/26/2025,09:00 (ET),POR@LAC,Portland Trail Blazers,"Lillard, Damian",Out,Injury/Illness - Left Achilles Tendon; Injury Recovery,2025-10-26
10/26/2025,09:00 (ET),POR@LAC,Portland Trail Blazers,"Williams III, Robert",Out,Return to Competition Reconditioning,2025-10-26
10/26/2025,09:00 (ET),POR@LAC,LA Clippers,"Beal, Bradley",Questionable,Injury/Illness - Back; Soreness,2025-10-26
10/26/2025,09:00 (ET),POR@LAC,LA Clippers,"Miller, Jordan",Out,Injury/Illness - Left Hamstring; Strain,2025-10-26
10/26/2025,09:00 (ET),POR@LAC,LA Clippers,"Telfort, Jahmyl",Out,G League - Two-Way,2025-10-26
10/27/2025,07:00 (ET),CLE@DET,Cleveland Cavaliers,,,NOT YET SUBMITTED,2025-10-26
10/27/2025,07:00 (ET),CLE@DET,Detroit Pistons,,,NOT YET SUBMITTED,2025-10-26
10/27/2025,07:00 (ET),ORL@PHI,Orlando Magic,"Cain, Jamal",Out,Not With Team,2025-10-26
10/27/2025,07:00 (ET),ORL@PHI,Orlando Magic,"Castleton, Colin",Out,Not With Team,2025-10-26
10/27/2025,07:00 (ET),ORL@PHI,Orlando Magic,"Wagner, Moritz",Out,Injury/Illness - Left Knee; Injury recovery,2025-10-26
10/27/2025,07:00 (ET),ORL@PHI,Philadelphia 76ers,"Barlow, Dominick",Out,Injury/Illness - Right Elbow; Laceration,2025-10-26
10/27/2025,07:00 (ET),ORL@PHI,Philadelphia 76ers,"Embiid, Joel",Out,Injury/Illness - Left Knee; Injury Management,2025-10-26
10/27/2025,07:00 (ET),ORL@PHI,Philadelphia 76ers,"George, Paul",Out,Injury/Illness - Left Knee; Surgery Recovery,2025-10-26
10/27/2025,07:00 (ET),ORL@PHI,Philadelphia 76ers,"McCain, Jared",Out,Injury/Illness - Right Thumb; Surgery Recovery,2025-10-26
10/27/2025,07:00 (ET),ORL@PHI,Philadelphia 76ers,"Watford, Trendon",Out,Injury/Illness - Left Hamstring; Tightness,2025-10-26
10/27/2025,08:00 (ET),ATL@CHI,Atlanta Hawks,,,NOT YET SUBMITTED,2025-10-26
10/27/2025,08:00 (ET),ATL@CHI,Chicago Bulls,"Collins, Zach",Out,Injury/Illness - Left Scaphoid; Fracture,2025-10-26
10/27/2025,08:00 (ET),ATL@CHI,Chicago Bulls,"Flowers, Trentyn",Out,G League - Two-Way,2025-10-26
10/27/2025,08:00 (ET),ATL@CHI,Chicago Bulls,"Giddey, Josh",Questionable,Injury/Illness - Right Finger; 4th MCP Sprain,2025-10-26
10/27/2025,08:00 (ET),ATL@CHI,Chicago Bulls,"Miller, Emanuel",Out,G League - Two-Way,2025-10-26
10/27/2025,08:00 (ET),ATL@CHI,Chicago Bulls,"Olbrich, Lachlan",Out,G League - Two-Way,2025-10-26
10/27/2025,08:00 (ET),ATL@CHI,Chicago Bulls,"White, Coby",Out,Injury/Illness - Right Calf; Strain,2025-10-26
10/27/2025,08:00 (ET),BKN@HOU,Brooklyn Nets,,,NOT YET SUBMITTED,2025-10-26
10/27/2025,08:00 (ET),BKN@HOU,Houston Rockets,"Finney-Smith, Dorian",Out,Injury/Illness - Left Ankle; Surgery,2025-10-26
10/27/2025,08:00 (ET),BKN@HOU,Houston Rockets,"VanVleet, Fred",Out,Injury/Illness - Right Knee; ACL Repair,2025-10-26
10/27/2025,08:00 (ET),BOS@NOP,Boston Celtics,,,NOT YET SUBMITTED,2025-10-26
10/27/2025,08:00 (ET),BOS@NOP,New Orleans Pelicans,"Looney, Kevon",Out,Injury/Illness - Left Knee; Sprain,2025-10-26
10/27/2025,08:00 (ET),BOS@NOP,New Orleans Pelicans,"Matkovic, Karlo",Questionable,Injury/Illness - Low Back; Spasms,2025-10-26
10/27/2025,08:00 (ET),BOS@NOP,New Orleans Pelicans,"Missi, Yves",Questionable,Injury/Illness - Right Ankle; Sprain,2025-10-26
10/27/2025,08:00 (ET),BOS@NOP,New Orleans Pelicans,"Murray, Dejounte",Out,Injury/Illness - Right Achilles; Rupture,2025-10-26
10/27/2025,08:00 (ET),TOR@SAS,Toronto Raptors,,,NOT YET SUBMITTED,2025-10-26
10/27/2025,08:00 (ET),TOR@SAS,San Antonio Spurs,,,NOT YET SUBMITTED,2025-10-26
10/27/2025,08:30 (ET),OKC@DAL,Oklahoma City Thunder,,,NOT YET SUBMITTED,2025-10-26
10/27/2025,08:30 (ET),OKC@DAL,Dallas Mavericks,,,NOT YET SUBMITTED,2025-10-26
10/27/2025,09:00 (ET),PHX@UTA,Phoenix Suns,,,NOT YET SUBMITTED,2025-10-26
10/27/2025,09:00 (ET),PHX@UTA,Utah Jazz,,,NOT YET SUBMITTED,2025-10-26
10/27/2025,09:30 (ET),DEN@MIN,Denver Nuggets,,,NOT YET SUBMITTED,2025-10-26
10/27/2025,09:30 (ET),DEN@MIN,Minnesota Timberwolves,,,NOT YET SUBMITTED,2025-10-26
10/27/2025,10:00 (ET),MEM@GSW,Memphis Grizzlies,,,NOT YET SUBMITTED,2025-10-26
10/27/2025,10:00 (ET),MEM@GSW,Golden State Warriors,"Horford, Al",Out,Injury/Illness - Left Toe; Injury Management,2025-10-26
10/27/2025,10:00 (ET),MEM@GSW,Golden State Warriors,"Melton, De'Anthony",Out,Injury/Illness - Left ACL; Surgery,2025-10-26
10/27/2025,10:00 (ET),MEM@GSW,Golden State Warriors,"Toohey, Alex",Out,Injury/Illness - Left Knee; Injury Recovery,2025-10-26
10/27/2025,10:30 (ET),POR@LAL,Portland Trail Blazers,,,NOT YET SUBMITTED,2025-10-26
10/27/2025,10:30 (ET),POR@LAL,Los Angeles Lakers,,,NOT YET SUBMITTED,2025-10-26
10/27/2025,07:00 (ET),CLE@DET,Cleveland Cavaliers,"Ball, Lonzo",Out,Rest - Left Knee - Injury Management,2025-10-27
10/27/2025,07:00 (ET),CLE@DET,Cleveland Cavaliers,"Garland, Darius",Out,Injury/Illness - Left Great Toe; Surgical Recovery,2025-10-27
10/27/2025,07:00 (ET),CLE@DET,Cleveland Cavaliers,"Strus, Max",Out,Injury/Illness - Left Foot; Surgery - Jones Fracture,2025-10-27
10/27/2025,07:00 (ET),CLE@DET,Cleveland Cavaliers,"Tomlin, Nae'Qwan",Out,G League - Two-Way,2025-10-27
10/27/2025,07:00 (ET),CLE@DET,Detroit Pistons,"Cunningham, Cade",Probable,Injury/Illness - Left Hip Contusion; Right Facial Contusion,2025-10-27
10/27/2025,07:00 (ET),CLE@DET,Detroit Pistons,"Ivey, Jaden",Out,Injury/Illness - Right Knee; Arthroscopy,2025-10-27
10/27/2025,07:00 (ET),CLE@DET,Detroit Pistons,"LeVert, Caris",Out,Injury/Illness - Left Hamstring; Injury Recovery,2025-10-27
10/27/2025,07:00 (ET),CLE@DET,Detroit Pistons,"Sasser, Marcus",Out,Injury/Illness - Right Hip; Impingement,2025-10-27
10/27/2025,07:00 (ET),ORL@PHI,Orlando Magic,"Cain, Jamal",Out,Not With Team,2025-10-27
10/27/2025,07:00 (ET),ORL@PHI,Orlando Magic,"Castleton, Colin",Out,Not With Team,2025-10-27
10/27/2025,07:00 (ET),ORL@PHI,Orlando Magic,"Wagner, Moritz",Out,Injury/Illness - Left Knee; Injury recovery,2025-10-27
10/27/2025,07:00 (ET),ORL@PHI,Philadelphia 76ers,"Barlow, Dominick",Out,Injury/Illness - Right Elbow; Laceration,2025-10-27
10/27/2025,07:00 (ET),ORL@PHI,Philadelphia 76ers,"Embiid, Joel",Out,Injury/Illness - Left Knee; Injury Management,2025-10-27
10/27/2025,07:00 (ET),ORL@PHI,Philadelphia 76ers,"George, Paul",Out,Injury/Illness - Left Knee; Surgery Recovery,2025-10-27
10/27/2025,07:00 (ET),ORL@PHI,Philadelphia 76ers,"McCain, Jared",Out,Injury/Illness - Right Thumb; Surgery Recovery,2025-10-27
10/27/2025,07:00 (ET),ORL@PHI,Philadelphia 76ers,"Watford, Trendon",Out,Injury/Illness - Left Hamstring; Injury Management,2025-10-27
10/27/2025,08:00 (ET),ATL@CHI,Atlanta Hawks,"Djurisic, Nikola",Out,G League - On Assignment,2025-10-27
10/27/2025,08:00 (ET),ATL@CHI,Atlanta Hawks,"Johnson, Jalen",Questionable,Injury/Illness - Right Ankle; Sprain,2025-10-27
10/27/2025,08:00 (ET),ATL@CHI,Atlanta Hawks,"Ndiaye, Eli John",Out,G League - Two-Way,2025-10-27
10/27/2025,08:00 (ET),ATL@CHI,Atlanta Hawks,"Porzingis, Kristaps",Questionable,Injury/Illness - Flu-like; Symptoms,2025-10-27
10/27/2025,08:00 (ET),ATL@CHI,Atlanta Hawks,"Risacher, Zaccharie",Questionable,Injury/Illness - Right Ankle; Sprain,2025-10-27
10/27/2025,08:00 (ET),ATL@CHI,Chicago Bulls,"Collins, Zach",Out,Injury/Illness - Left Scaphoid; Fracture,2025-10-27
10/27/2025,08:00 (ET),ATL@CHI,Chicago Bulls,"Flowers, Trentyn",Out,G League - Two-Way,2025-10-27
10/27/2025,08:00 (ET),ATL@CHI,Chicago Bulls,"Giddey, Josh",Questionable,Injury/Illness - Right Finger; 4th MCP Sprain,2025-10-27
10/27/2025,08:00 (ET),ATL@CHI,Chicago Bulls,"Miller, Emanuel",Out,G League - Two-Way,2025-10-27
10/27/2025,08:00 (ET),ATL@CHI,Chicago Bulls,"Olbrich, Lachlan",Out,G League - Two-Way,2025-10-27
10/27/2025,08:00 (ET),ATL@CHI,Chicago Bulls,"White, Coby",Out,Injury/Illness - Right Calf; Strain,2025-10-27
10/27/2025,08:00 (ET),BKN@HOU,Brooklyn Nets,"Demin, Egor",Out,"Injury/Illness - Left Plantar Fascia; Tear, Injury Management",2025-10-27
10/27/2025,08:00 (ET),BKN@HOU,Brooklyn Nets,"Highsmith, Haywood",Out,"Injury/Illness - Right Knee; Surgery, Injury Recovery",2025-10-27
10/27/2025,08:00 (ET),BKN@HOU,Brooklyn Nets,"Powell, Drake",Out,G League - On Assignment,2025-10-27
10/27/2025,08:00 (ET),BKN@HOU,Brooklyn Nets,"Williams, Ziaire",Out,Injury/Illness - Lower Back/Glute; Contusion,2025-10-27
10/27/2025,08:00 (ET),BKN@HOU,Brooklyn Nets,"Wolf, Danny",Out,G League - On Assignment,2025-10-27
10/27/2025,08:00 (ET),BKN@HOU,Houston Rockets,"Finney-Smith, Dorian",Out,Injury/Illness - Left Ankle; Surgery,2025-10-27
10/27/2025,08:00 (ET),BKN@HOU,Houston Rockets,"VanVleet, Fred",Out,Injury/Illness - Right Knee; ACL Repair,2025-10-27
10/27/2025,08:00 (ET),BOS@NOP,Boston Celtics,"Brown, Jaylen",Questionable,Injury/Illness - Left Hamstring; Strain Management,2025-10-27
10/27/2025,08:00 (ET),BOS@NOP,Boston Celtics,"Shulga, Max",Out,G League - Two-Way,2025-10-27
10/27/2025,08:00 (ET),BOS@NOP,Boston Celtics,"Tatum, Jayson",Out,Injury/Illness - Right Achilles; Repair,2025-10-27
10/27/2025,08:00 (ET),BOS@NOP,New Orleans Pelicans,"Looney, Kevon",Out,Injury/Illness - Left Knee; Sprain,2025-10-27
10/27/2025,08:00 (ET),BOS@NOP,New Orleans Pelicans,"Matkovic, Karlo",Available,Injury/Illness - Low Back; Spasms,2025-10-27
10/27/2025,08:00 (ET),BOS@NOP,New Orleans Pelicans,"Missi, Yves",Available,Injury/Illness - Right Ankle; Sprain,2025-10-27
10/27/2025,08:00 (ET),BOS@NOP,New Orleans Pelicans,"Murray, Dejounte",Out,Injury/Illness - Right Achilles; Rupture,2025-10-27
10/27/2025,08:00 (ET),BOS@NOP,New Orleans Pelicans,"Williamson, Zion",Questionable,Injury/Illness - Left Foot; Bone Contusion,2025-10-27
10/27/2025,08:00 (ET),TOR@SAS,Toronto Raptors,"Hepburn, Chucky",Out,G League - Two-Way,2025-10-27
10/27/2025,08:00 (ET),TOR@SAS,Toronto Raptors,"Lawson, A.J.",Out,G League - Two-Way,2025-10-27
10/27/2025,08:00 (ET),TOR@SAS,Toronto Raptors,"Martin, Alijah",Out,G League - Two-Way,2025-10-27
10/27/2025,08:00 (ET),TOR@SAS,Toronto Raptors,"Poeltl, Jakob",Available,Injury/Illness - N/A; Face Mask,2025-10-27
10/27/2025,08:00 (ET),TOR@SAS,San Antonio Spurs,"Fox, De'Aaron",Out,Injury/Illness - Right Hamstring; Strain,2025-10-27
10/27/2025,08:00 (ET),TOR@SAS,San Antonio Spurs,"Kornet, Luke",Out,Injury/Illness - Left Ankle; Sprain,2025-10-27
10/27/2025,08:00 (ET),TOR@SAS,San Antonio Spurs,"Olynyk, Kelly",Out,Injury/Illness - Left Heel; Surgery,2025-10-27
10/27/2025,08:00 (ET),TOR@SAS,San Antonio Spurs,"Sochan, Jeremy",Out,Injury/Illness - Left Wrist; Sprain,2025-10-27
10/27/2025,08:00 (ET),TOR@SAS,San Antonio Spurs,"Waters III, Lindy",Out,Injury/Illness - Bilateral Eye; Procedure,2025-10-27
10/27/2025,08:30 (ET),OKC@DAL,Oklahoma City Thunder,"Caruso, Alex",Out,Injury/Illness - N/a; Concussion Protocol,2025-10-27
10/27/2025,08:30 (ET),OKC@DAL,Oklahoma City Thunder,"Holmgren, Chet",Available,-,2025-10-27
10/27/2025,08:30 (ET),OKC@DAL,Oklahoma City Thunder,"Joe, Isaiah",Out,Injury/Illness - Left Knee; Contusion,2025-10-27
10/27/2025,08:30 (ET),OKC@DAL,Oklahoma City Thunder,"Sorber, Thomas",Out,Injury/Illness - Right ACL; Surgical Recovery,2025-10-27
10/27/2025,08:30 (ET),OKC@DAL,Oklahoma City Thunder,"Topic, Nikola",Out,Injury/Illness - N/a; Surgical Recovery,2025-10-27
10/27/2025,08:30 (ET),OKC@DAL,Oklahoma City Thunder,"Williams, Jalen",Out,Injury/Illness - Right Wrist; Surgical Recovery,2025-10-27
10/27/2025,08:30 (ET),OKC@DAL,Oklahoma City Thunder,"Williams, Kenrich",Out,Injury/Illness - Left Knee; Surgical Recovery,2025-10-27
10/27/2025,08:30 (ET),OKC@DAL,Dallas Mavericks,"Exum, Dante",Out,Injury/Illness - Right Knee; Injury Management,2025-10-27
10/27/2025,08:30 (ET),OKC@DAL,Dallas Mavericks,"Gafford, Daniel",Doubtful,Injury/Illness - Right Ankle; Sprain,2025-10-27
10/27/2025,08:30 (ET),OKC@DAL,Dallas Mavericks,"Irving, Kyrie",Out,Injury/Illness - Left Knee; Surgery,2025-10-27
10/27/2025,08:30 (ET),OKC@DAL,Dallas Mavericks,"Lively II, Dereck",Doubtful,Injury/Illness - Right Knee; Contusion,2025-10-27
10/27/2025,08:30 (ET),OKC@DAL,Dallas Mavericks,"Williams, Brandon",Questionable,Personal Reasons,2025-10-27
10/27/2025,09:00 (ET),PHX@UTA,Phoenix Suns,"Brooks, Dillon",Questionable,Injury/Illness - Right Groin; Soreness,2025-10-27
10/27/2025,09:00 (ET),PHX@UTA,Phoenix Suns,"Green, Jalen",Out,Injury/Illness - Right Hamstring; Strain,2025-10-27
10/27/2025,09:00 (ET),PHX@UTA,Phoenix Suns,"Huntley, CJ",Out,G League - Two-Way,2025-10-27
10/27/2025,09:00 (ET),PHX@UTA,Utah Jazz,"Collier, Isaiah",Out,Injury/Illness - Right Hamstring; Strain,2025-10-27
10/27/2025,09:00 (ET),PHX@UTA,Utah Jazz,"Niang, Georges",Out,Injury/Illness - Left Foot; Fourth Metatarsal Stress Reaction,2025-10-27
10/27/2025,09:00 (ET),PHX@UTA,Utah Jazz,"Tonje, John",Out,G League - Two-Way,2025-10-27
10/27/2025,09:00 (ET),PHX@UTA,Utah Jazz,"Tshiebwe, Oscar",Out,G League - Two-Way,2025-10-27
10/27/2025,09:30 (ET),DEN@MIN,Minnesota Timberwolves,"Dillingham, Rob",Available,Injury/Illness - Face; Face Mask,2025-10-27
10/27/2025,09:30 (ET),DEN@MIN,Minnesota Timberwolves,"Edwards, Anthony",Out,Injury/Illness - Right Hamstring; Strain,2025-10-27
10/27/2025,09:30 (ET),DEN@MIN,Minnesota Timberwolves,"Zikarsky, Rocco",Out,G League - Two-Way,2025-10-27
10/27/2025,10:00 (ET),MEM@GSW,Memphis Grizzlies,"Clarke, Brandon",Out,Injury/Illness - Right Knee; Surgery Recovery,2025-10-27
10/27/2025,10:00 (ET),MEM@GSW,Memphis Grizzlies,"Edey, Zach",Out,Injury/Illness - Left Ankle; Surgery Recovery,2025-10-27
10/27/2025,10:00 (ET),MEM@GSW,Memphis Grizzlies,"Jerome, Ty",Out,Injury/Illness - Right Calf; Strain,2025-10-27
10/27/2025,10:00 (ET),MEM@GSW,Memphis Grizzlies,"Pippen Jr., Scotty",Out,Injury/Illness - Left Great Toe; Surgery Recovery,2025-10-27
10/27/2025,10:00 (ET),MEM@GSW,Memphis Grizzlies,"Williams Jr., Vince",Out,Injury/Illness - Right Ankle; Impingement,2025-10-27
10/27/2025,10:00 (ET),MEM@GSW,Golden State Warriors,"Horford, Al",Out,Injury/Illness - Left Toe; Injury Management,2025-10-27
10/27/2025,10:00 (ET),MEM@GSW,Golden State Warriors,"Melton, De'Anthony",Out,Injury/Illness - Left ACL; Surgery,2025-10-27
10/27/2025,10:00 (ET),MEM@GSW,Golden State Warriors,"Toohey, Alex",Out,Injury/Illness - Left Knee; Injury Recovery,2025-10-27
10/27/2025,10:30 (ET),POR@LAL,Portland Trail Blazers,"Henderson, Scoot",Out,Injury/Illness - Left Hamstring; Tear,2025-10-27
10/27/2025,10:30 (ET),POR@LAL,Portland Trail Blazers,"Lillard, Damian",Out,Injury/Illness - Left Achilles Tendon; Injury Management,2025-10-27
10/27/2025,10:30 (ET),POR@LAL,Portland Trail Blazers,"Thybulle, Matisse",Questionable,Injury/Illness - Right Hip; Soreness,2025-10-27
10/27/2025,10:30 (ET),POR@LAL,Portland Trail Blazers,"Williams III, Robert",Out,G League - On Assignment,2025-10-27
10/27/2025,10:30 (ET),POR@LAL,Los Angeles Lakers,"Doncic, Luka",Out,Injury/Illness - Left Finger; Sprain; Lower Left Leg Contusion,2025-10-27
10/27/2025,10:30 (ET),POR@LAL,Los Angeles Lakers,"Hayes, Jaxson",Out,Injury/Illness - Left Patellar; Tendinopathy,2025-10-27
10/27/2025,10:30 (ET),POR@LAL,Los Angeles Lakers,"James, LeBron",Out,Injury/Illness - Right Sciatica; -,2025-10-27
10/27/2025,10:30 (ET),POR@LAL,Los Angeles Lakers,"Kleber, Maxi",Out,Injury/Illness - Abdominal Muscle; Strain,2025-10-27
10/27/2025,10:30 (ET),POR@LAL,Los Angeles Lakers,"Smart, Marcus",Out,Injury/Illness - Right Quad; Contusion,2025-10-27
10/27/2025,10:30 (ET),POR@LAL,Los Angeles Lakers,"Thiero, Adou",Out,Injury/Illness - Left Knee; Surgery Recovery,2025-10-27
10/27/2025,10:30 (ET),POR@LAL,Los Angeles Lakers,"Vincent, Gabe",Out,Injury/Illness - Left Ankle; Sprain,2025-10-27
10/28/2025,07:00 (ET),PHI@WAS,Philadelphia 76ers,,,NOT YET SUBMITTED,2025-10-27
10/28/2025,07:00 (ET),PHI@WAS,Washington Wizards,"Coulibaly, Bilal",Out,Injury/Illness - Right Hand; Surgery,2025-10-27
10/28/2025,07:00 (ET),PHI@WAS,Washington Wizards,"Johnson, Tre",Questionable,Injury/Illness - Low Back; Soreness,2025-10-27
10/28/2025,07:30 (ET),CHA@MIA,Charlotte Hornets,"Green, Josh",Out,Injury/Illness - Left Shoulder; Surgery,2025-10-27
10/28/2025,07:30 (ET),CHA@MIA,Charlotte Hornets,"Mann, Tre",Questionable,Injury/Illness - Jaw; Contusion,2025-10-27
10/28/2025,07:30 (ET),CHA@MIA,Charlotte Hornets,"Miller, Brandon",Out,Injury/Illness - Left Shoulder; Subluxation,2025-10-27
10/28/2025,07:30 (ET),CHA@MIA,Charlotte Hornets,"Peterson, Drew",Out,G League - Two-Way,2025-10-27
10/28/2025,07:30 (ET),CHA@MIA,Charlotte Hornets,"Reeves, Antonio",Out,G League - Two-Way,2025-10-27
10/28/2025,07:30 (ET),CHA@MIA,Charlotte Hornets,"Simpson, KJ",Out,G League - Two-Way,2025-10-27
10/28/2025,07:30 (ET),CHA@MIA,Charlotte Hornets,"Williams, Grant",Out,Injury/Illness - Right Knee; Surgery,2025-10-27
10/28/2025,07:30 (ET),CHA@MIA,Miami Heat,"Fontecchio, Simone",Questionable,Injury/Illness - Left Calf; Soreness,2025-10-27
10/28/2025,07:30 (ET),CHA@MIA,Miami Heat,"Herro, Tyler",Out,Injury/Illness - Left Ankle; Surgery,2025-10-27
10/28/2025,07:30 (ET),CHA@MIA,Miami Heat,"Jakucionis, Kasparas",Out,Injury/Illness - Right Groin; Strain,2025-10-27
10/28/2025,07:30 (ET),CHA@MIA,Miami Heat,"Rozier, Terry",Out,Not With Team,2025-10-27
10/28/2025,08:00 (ET),NYK@MIL,New York Knicks,,,NOT YET SUBMITTED,2025-10-27
10/28/2025,08:00 (ET),NYK@MIL,Milwaukee Bucks,,,NOT YET SUBMITTED,2025-10-27
10/28/2025,08:00 (ET),SAC@OKC,Sacramento Kings,"Clifford, Nique",Out,Injury/Illness - Right Hamstring; Strain,2025-10-27
10/28/2025,08:00 (ET),SAC@OKC,Sacramento Kings,"Murray, Keegan",Out,Injury/Illness - Left Thumb; UCL Injury Recovery,2025-10-27
10/28/2025,08:00 (ET),SAC@OKC,Sacramento Kings,"Plowden, Daeqwon",Out,G League - Two-Way,2025-10-27
10/28/2025,08:00 (ET),SAC@OKC,Sacramento Kings,"Stevens, Isaiah",Out,G League - Two-Way,2025-10-27
10/28/2025,08:00 (ET),SAC@OKC,Oklahoma City Thunder,,,NOT YET SUBMITTED,2025-10-27
10/28/2025,11:00 (ET),LAC@GSW,LA Clippers,,,NOT YET SUBMITTED,2025-10-27
10/28/2025,11:00 (ET),LAC@GSW,Golden State Warriors,,,NOT YET SUBMITTED,2025-10-27
